t_s,x_m,y_m,yaw_deg,v_mps,steer_deg,delta_fl_deg,delta_fr_deg,motor_nm,brake_pct,batt_soc_pct,batt_v,batt_i,motor_power_kW,regen_power_kW,brake_force_kN
0.010000,0.005576,0.000000,0.000000,0.557576,0.000000,0.000000,0.000000,4000.000000,0.000000,50.000000,400.000000,0.000000,0.000000,0.000000,0.000000
0.110000,0.244054,0.000000,0.000000,3.290617,0.000000,0.000000,0.000000,4000.000000,0.000000,49.992629,400.000000,225.000000,90.000000,0.000000,0.000000
0.200000,0.601844,0.000000,0.000000,4.468349,0.000000,0.000000,0.000000,4000.000000,0.000000,49.985504,400.000000,225.000000,90.000000,0.000000,0.000000
0.300000,1.106122,0.000000,0.000000,5.481092,0.000000,0.000000,0.000000,4000.000000,0.000000,49.977587,400.000000,225.000000,90.000000,0.000000,0.000000
0.400000,1.702001,0.000000,0.000000,6.330932,0.000000,0.000000,0.000000,4000.000000,0.000000,49.969671,400.000000,225.000000,90.000000,0.000000,0.000000
0.500000,2.376871,0.000000,0.000000,7.077802,0.000000,0.000000,0.000000,4000.000000,0.000000,49.961754,400.000000,225.000000,90.000000,0.000000,0.000000
0.600000,3.122242,0.000000,0.000000,7.751917,0.000000,0.000000,0.000000,4000.000000,0.000000,49.953837,400.000000,225.000000,90.000000,0.000000,0.000000
0.700000,3.931885,0.000000,0.000000,8.371061,0.000000,0.000000,0.000000,4000.000000,0.000000,49.945921,400.000000,225.000000,90.000000,0.000000,0.000000
0.800000,4.800976,0.000000,0.000000,8.946753,0.000000,0.000000,0.000000,4000.000000,0.000000,49.938004,400.000000,225.000000,90.000000,0.000000,0.000000
0.900000,5.725629,0.000000,0.000000,9.486965,0.000000,0.000000,0.000000,4000.000000,0.000000,49.930087,400.000000,225.000000,90.000000,0.000000,0.000000
1.000000,6.702630,0.000000,0.000000,9.997482,0.000000,0.000000,0.000000,4000.000000,0.000000,49.922171,400.000000,225.000000,90.000000,0.000000,0.000000
1.100000,7.729257,0.000000,0.000000,10.482665,0.000000,0.000000,0.000000,4000.000000,0.000000,49.914254,400.000000,225.000000,90.000000,0.000000,0.000000
1.200000,8.803170,0.000000,0.000000,10.945896,0.000000,0.000000,0.000000,4000.000000,0.000000,49.906337,400.000000,225.000000,90.000000,0.000000,0.000000
1.300000,9.922327,0.000000,0.000000,11.389861,0.000000,0.000000,0.000000,4000.000000,0.000000,49.898421,400.000000,225.000000,90.000000,0.000000,0.000000
1.400000,11.084924,0.000000,0.000000,11.816734,0.000000,0.000000,0.000000,4000.000000,0.000000,49.890504,400.000000,225.000000,90.000000,0.000000,0.000000
1.500000,12.289354,0.000000,0.000000,12.228309,0.000000,0.000000,0.000000,4000.000000,0.000000,49.882587,400.000000,225.000000,90.000000,0.000000,0.000000
1.600000,13.534170,0.000000,0.000000,12.626080,0.000000,0.000000,0.000000,4000.000000,0.000000,49.874671,400.000000,225.000000,90.000000,0.000000,0.000000
1.700000,14.818065,0.000000,0.000000,13.011313,0.000000,0.000000,0.000000,4000.000000,0.000000,49.866754,400.000000,225.000000,90.000000,0.000000,0.000000
1.800000,16.139844,0.000000,0.000000,13.385088,0.000000,0.000000,0.000000,4000.000000,0.000000,49.858837,400.000000,225.000000,90.000000,0.000000,0.000000
1.900000,17.498415,0.000000,0.000000,13.748338,0.000000,0.000000,0.000000,4000.000000,0.000000,49.850921,400.000000,225.000000,90.000000,0.000000,0.000000
2.000000,18.892771,0.000000,0.000000,14.101874,0.000000,0.000000,0.000000,4000.000000,0.000000,49.843004,400.000000,225.000000,90.000000,0.000000,0.000000
2.110000,20.466783,0.000000,0.000000,14.480388,0.000000,0.000000,0.000000,4000.000000,0.000000,49.834296,400.000000,225.000000,90.000000,0.000000,0.000000
2.210000,21.933332,0.000000,0.000000,14.815735,0.000000,0.000000,0.000000,4000.000000,0.000000,49.826379,400.000000,225.000000,90.000000,0.000000,0.000000
2.310000,23.432984,0.000000,0.000000,15.143313,0.000000,0.000000,0.000000,4000.000000,0.000000,49.818462,400.000000,225.000000,90.000000,0.000000,0.000000
2.410000,24.964990,0.000000,0.000000,15.463611,0.000000,0.000000,0.000000,4000.000000,0.000000,49.810546,400.000000,225.000000,90.000000,0.000000,0.000000
2.510000,26.528646,0.000000,0.000000,15.777070,0.000000,0.000000,0.000000,4000.000000,0.000000,49.802629,400.000000,225.000000,90.000000,0.000000,0.000000
2.610000,28.123291,0.000000,0.000000,16.084086,0.000000,0.000000,0.000000,4000.000000,0.000000,49.794712,400.000000,225.000000,90.000000,0.000000,0.000000
2.710000,29.748299,0.000000,0.000000,16.385018,0.000000,0.000000,0.000000,4000.000000,0.000000,49.786796,400.000000,225.000000,90.000000,0.000000,0.000000
2.810000,31.403082,0.000000,0.000000,16.680193,0.000000,0.000000,0.000000,4000.000000,0.000000,49.778879,400.000000,225.000000,90.000000,0.000000,0.000000
2.910000,33.087079,0.000000,0.000000,16.969907,0.000000,0.000000,0.000000,4000.000000,0.000000,49.770962,400.000000,225.000000,90.000000,0.000000,0.000000
3.010000,34.799761,0.000000,0.000000,17.254432,0.000000,0.000000,0.000000,4000.000000,0.000000,49.763046,400.000000,225.000000,90.000000,0.000000,0.000000
3.110000,36.540621,0.000000,0.000000,17.534018,0.000000,0.000000,0.000000,4000.000000,0.000000,49.755129,400.000000,225.000000,90.000000,0.000000,0.000000
3.210000,38.309179,0.000000,0.000000,17.808895,0.000000,0.000000,0.000000,4000.000000,0.000000,49.747212,400.000000,225.000000,90.000000,0.000000,0.000000
3.310000,40.104976,0.000000,0.000000,18.079274,0.000000,0.000000,0.000000,4000.000000,0.000000,49.739296,400.000000,225.000000,90.000000,0.000000,0.000000
3.410000,41.927572,0.000000,0.000000,18.345351,0.000000,0.000000,0.000000,4000.000000,0.000000,49.731379,400.000000,225.000000,90.000000,0.000000,0.000000
3.510000,43.776548,0.000000,0.000000,18.607308,0.000000,0.000000,0.000000,4000.000000,0.000000,49.723462,400.000000,225.000000,90.000000,0.000000,0.000000
3.610000,45.651501,0.000000,0.000000,18.865314,0.000000,0.000000,0.000000,4000.000000,0.000000,49.715546,400.000000,225.000000,90.000000,0.000000,0.000000
3.710000,47.552045,0.000000,0.000000,19.119526,0.000000,0.000000,0.000000,4000.000000,0.000000,49.707629,400.000000,225.000000,90.000000,0.000000,0.000000
3.810000,49.477808,0.000000,0.000000,19.370091,0.000000,0.000000,0.000000,4000.000000,0.000000,49.699712,400.000000,225.000000,90.000000,0.000000,0.000000
3.910000,51.428434,0.000000,0.000000,19.617145,0.000000,0.000000,0.000000,4000.000000,0.000000,49.691796,400.000000,225.000000,90.000000,0.000000,0.000000
4.010000,53.403577,0.000000,0.000000,19.860818,0.000000,0.000000,0.000000,4000.000000,0.000000,49.683879,400.000000,225.000000,90.000000,0.000000,0.000000
4.110000,55.402908,0.000000,0.000000,20.101229,0.000000,0.000000,0.000000,4000.000000,0.000000,49.675962,400.000000,225.000000,90.000000,0.000000,0.000000
4.210000,57.426106,0.000000,0.000000,20.338493,0.000000,0.000000,0.000000,4000.000000,0.000000,49.668046,400.000000,225.000000,90.000000,0.000000,0.000000
4.310000,59.472862,0.000000,0.000000,20.572715,0.000000,0.000000,0.000000,4000.000000,0.000000,49.660129,400.000000,225.000000,90.000000,0.000000,0.000000
4.410000,61.542878,0.000000,0.000000,20.803996,0.000000,0.000000,0.000000,4000.000000,0.000000,49.652212,400.000000,225.000000,90.000000,0.000000,0.000000
4.510000,63.635865,0.000000,0.000000,21.032431,0.000000,0.000000,0.000000,4000.000000,0.000000,49.644296,400.000000,225.000000,90.000000,0.000000,0.000000
4.610000,65.751543,0.000000,0.000000,21.258109,0.000000,0.000000,0.000000,4000.000000,0.000000,49.636379,400.000000,225.000000,90.000000,0.000000,0.000000
4.710000,67.889641,0.000000,0.000000,21.481116,0.000000,0.000000,0.000000,4000.000000,0.000000,49.628462,400.000000,225.000000,90.000000,0.000000,0.000000
4.810000,70.049896,0.000000,0.000000,21.701530,0.000000,0.000000,0.000000,4000.000000,0.000000,49.620546,400.000000,225.000000,90.000000,0.000000,0.000000
4.910000,72.232054,0.000000,0.000000,21.919429,0.000000,0.000000,0.000000,4000.000000,0.000000,49.612629,400.000000,225.000000,90.000000,0.000000,0.000000
5.010000,74.435867,0.000000,0.000000,22.134885,0.000000,0.000000,0.000000,4000.000000,0.000000,49.604712,400.000000,225.000000,90.000000,0.000000,0.000000
5.110000,76.661094,0.000000,0.000000,22.347966,0.000000,0.000000,0.000000,4000.000000,0.000000,49.596796,400.000000,225.000000,90.000000,0.000000,0.000000
5.210000,78.907502,0.000000,0.000000,22.558738,0.000000,0.000000,0.000000,4000.000000,0.000000,49.588879,400.000000,225.000000,90.000000,0.000000,0.000000
5.310000,81.174863,0.000000,0.000000,22.767263,0.000000,0.000000,0.000000,4000.000000,0.000000,49.580962,400.000000,225.000000,90.000000,0.000000,0.000000
5.410000,83.462956,0.000000,0.000000,22.973601,0.000000,0.000000,0.000000,4000.000000,0.000000,49.573046,400.000000,225.000000,90.000000,0.000000,0.000000
5.510000,85.771564,0.000000,0.000000,23.177807,0.000000,0.000000,0.000000,4000.000000,0.000000,49.565129,400.000000,225.000000,90.000000,0.000000,0.000000
5.610000,88.100479,0.000000,0.000000,23.379937,0.000000,0.000000,0.000000,4000.000000,0.000000,49.557212,400.000000,225.000000,90.000000,0.000000,0.000000
5.710000,90.449495,0.000000,0.000000,23.580042,0.000000,0.000000,0.000000,4000.000000,0.000000,49.549296,400.000000,225.000000,90.000000,0.000000,0.000000
5.810000,92.818413,0.000000,0.000000,23.778171,0.000000,0.000000,0.000000,4000.000000,0.000000,49.541379,400.000000,225.000000,90.000000,0.000000,0.000000
5.910000,95.207036,0.000000,0.000000,23.974371,0.000000,0.000000,0.000000,4000.000000,0.000000,49.533462,400.000000,225.000000,90.000000,0.000000,0.000000
6.010000,97.615176,0.000000,0.000000,24.168689,0.000000,0.000000,0.000000,4000.000000,0.000000,49.525546,400.000000,225.000000,90.000000,0.000000,0.000000
6.110000,100.042646,0.000000,0.000000,24.361167,0.000000,0.000000,0.000000,4000.000000,0.000000,49.517629,400.000000,225.000000,90.000000,0.000000,0.000000
6.210000,102.489265,0.000000,0.000000,24.551848,0.000000,0.000000,0.000000,4000.000000,0.000000,49.509712,400.000000,225.000000,90.000000,0.000000,0.000000
6.310000,104.954855,0.000000,0.000000,24.740771,0.000000,0.000000,0.000000,4000.000000,0.000000,49.501796,400.000000,225.000000,90.000000,0.000000,0.000000
6.410000,107.439243,0.000000,0.000000,24.927975,0.000000,0.000000,0.000000,4000.000000,0.000000,49.493879,400.000000,225.000000,90.000000,0.000000,0.000000
6.510000,109.942257,0.000000,0.000000,25.113497,0.000000,0.000000,0.000000,4000.000000,0.000000,49.485962,400.000000,225.000000,90.000000,0.000000,0.000000
6.610000,112.463734,0.000000,0.000000,25.297372,0.000000,0.000000,0.000000,4000.000000,0.000000,49.478046,400.000000,225.000000,90.000000,0.000000,0.000000
6.710000,115.003509,0.000000,0.000000,25.479635,0.000000,0.000000,0.000000,4000.000000,0.000000,49.470129,400.000000,225.000000,90.000000,0.000000,0.000000
6.810000,117.561423,0.000000,0.000000,25.660319,0.000000,0.000000,0.000000,4000.000000,0.000000,49.462212,400.000000,225.000000,90.000000,0.000000,0.000000
6.910000,120.137320,0.000000,0.000000,25.839456,0.000000,0.000000,0.000000,4000.000000,0.000000,49.454296,400.000000,225.000000,90.000000,0.000000,0.000000
7.010000,122.731047,0.000000,0.000000,26.017076,0.000000,0.000000,0.000000,4000.000000,0.000000,49.446379,400.000000,225.000000,90.000000,0.000000,0.000000
7.110000,125.342454,0.000000,0.000000,26.193210,0.000000,0.000000,0.000000,4000.000000,0.000000,49.438462,400.000000,225.000000,90.000000,0.000000,0.000000
7.210000,127.971394,0.000000,0.000000,26.367884,0.000000,0.000000,0.000000,4000.000000,0.000000,49.430546,400.000000,225.000000,90.000000,0.000000,0.000000
7.310000,130.617722,0.000000,0.000000,26.541128,0.000000,0.000000,0.000000,4000.000000,0.000000,49.422629,400.000000,225.000000,90.000000,0.000000,0.000000
7.410000,133.281298,0.000000,0.000000,26.712968,0.000000,0.000000,0.000000,4000.000000,0.000000,49.414712,400.000000,225.000000,90.000000,0.000000,0.000000
7.510000,135.961981,0.000000,0.000000,26.883430,0.000000,0.000000,0.000000,4000.000000,0.000000,49.406796,400.000000,225.000000,90.000000,0.000000,0.000000
7.610000,138.659636,0.000000,0.000000,27.052538,0.000000,0.000000,0.000000,4000.000000,0.000000,49.398879,400.000000,225.000000,90.000000,0.000000,0.000000
7.710000,141.374129,0.000000,0.000000,27.220317,0.000000,0.000000,0.000000,4000.000000,0.000000,49.390962,400.000000,225.000000,90.000000,0.000000,0.000000
7.810000,144.105327,0.000000,0.000000,27.386790,0.000000,0.000000,0.000000,4000.000000,0.000000,49.383046,400.000000,225.000000,90.000000,0.000000,0.000000
7.910000,146.853102,0.000000,0.000000,27.551979,0.000000,0.000000,0.000000,4000.000000,0.000000,49.375129,400.000000,225.000000,90.000000,0.000000,0.000000
8.010000,149.617326,0.000000,0.000000,27.715908,0.000000,0.000000,0.000000,4000.000000,0.000000,49.367212,400.000000,225.000000,90.000000,0.000000,0.000000
8.110000,152.397875,0.000000,0.000000,27.878596,0.000000,0.000000,0.000000,4000.000000,0.000000,49.359296,400.000000,225.000000,90.000000,0.000000,0.000000
8.210000,155.194626,0.000000,0.000000,28.040065,0.000000,0.000000,0.000000,4000.000000,0.000000,49.351379,400.000000,225.000000,90.000000,0.000000,0.000000
8.310000,158.007457,0.000000,0.000000,28.200334,0.000000,0.000000,0.000000,4000.000000,0.000000,49.343462,400.000000,225.000000,90.000000,0.000000,0.000000
8.410000,160.836250,0.000000,0.000000,28.359424,0.000000,0.000000,0.000000,4000.000000,0.000000,49.335546,400.000000,225.000000,90.000000,0.000000,0.000000
8.510000,163.680888,0.000000,0.000000,28.517352,0.000000,0.000000,0.000000,4000.000000,0.000000,49.327629,400.000000,225.000000,90.000000,0.000000,0.000000
8.610000,166.541255,0.000000,0.000000,28.674137,0.000000,0.000000,0.000000,4000.000000,0.000000,49.319712,400.000000,225.000000,90.000000,0.000000,0.000000
8.710000,169.417240,0.000000,0.000000,28.829797,0.000000,0.000000,0.000000,4000.000000,0.000000,49.311796,400.000000,225.000000,90.000000,0.000000,0.000000
8.810000,172.308729,0.000000,0.000000,28.984350,0.000000,0.000000,0.000000,4000.000000,0.000000,49.303879,400.000000,225.000000,90.000000,0.000000,0.000000
8.910000,175.215613,0.000000,0.000000,29.137811,0.000000,0.000000,0.000000,4000.000000,0.000000,49.295962,400.000000,225.000000,90.000000,0.000000,0.000000
9.010000,178.137784,0.000000,0.000000,29.290198,0.000000,0.000000,0.000000,4000.000000,0.000000,49.288046,400.000000,225.000000,90.000000,0.000000,0.000000
9.110000,181.075136,0.000000,0.000000,29.441525,0.000000,0.000000,0.000000,4000.000000,0.000000,49.280129,400.000000,225.000000,90.000000,0.000000,0.000000
9.210000,184.027562,0.000000,0.000000,29.591810,0.000000,0.000000,0.000000,4000.000000,0.000000,49.272212,400.000000,225.000000,90.000000,0.000000,0.000000
9.310000,186.994961,0.000000,0.000000,29.741066,0.000000,0.000000,0.000000,4000.000000,0.000000,49.264296,400.000000,225.000000,90.000000,0.000000,0.000000
9.410000,189.977229,0.000000,0.000000,29.889309,0.000000,0.000000,0.000000,4000.000000,0.000000,49.256379,400.000000,225.000000,90.000000,0.000000,0.000000
9.510000,192.974267,0.000000,0.000000,30.036552,0.000000,0.000000,0.000000,4000.000000,0.000000,49.248462,400.000000,225.000000,90.000000,0.000000,0.000000
9.610000,195.985974,0.000000,0.000000,30.182810,0.000000,0.000000,0.000000,4000.000000,0.000000,49.240546,400.000000,225.000000,90.000000,0.000000,0.000000
9.710000,199.012254,0.000000,0.000000,30.328095,0.000000,0.000000,0.000000,4000.000000,0.000000,49.232629,400.000000,225.000000,90.000000,0.000000,0.000000
9.810000,202.053009,0.000000,0.000000,30.472423,0.000000,0.000000,0.000000,4000.000000,0.000000,49.224712,400.000000,225.000000,90.000000,0.000000,0.000000
9.910000,205.108145,0.000000,0.000000,30.615804,0.000000,0.000000,0.000000,4000.000000,0.000000,49.216796,400.000000,225.000000,90.000000,0.000000,0.000000
10.010000,208.177568,0.000000,0.000000,30.758253,0.000000,0.000000,0.000000,4000.000000,0.000000,49.208879,400.000000,225.000000,90.000000,0.000000,0.000000
10.110000,211.261185,0.000000,0.000000,30.899780,0.000000,0.000000,0.000000,2000.000000,0.000000,49.200962,400.000000,225.000000,90.000000,0.000000,0.000000
10.210000,214.358904,0.000000,0.000000,31.040399,0.000000,0.000000,0.000000,2000.000000,0.000000,49.193046,400.000000,225.000000,90.000000,0.000000,0.000000
10.310000,217.470636,0.000000,0.000000,31.180121,0.000000,0.000000,0.000000,2000.000000,0.000000,49.185129,400.000000,225.000000,90.000000,0.000000,0.000000
10.410000,220.596291,0.000000,0.000000,31.318956,0.000000,0.000000,0.000000,2000.000000,0.000000,49.177212,400.000000,225.000000,90.000000,0.000000,0.000000
10.510000,223.735782,0.000000,0.000000,31.456917,0.000000,0.000000,0.000000,2000.000000,0.000000,49.169296,400.000000,225.000000,90.000000,0.000000,0.000000
10.610000,226.889021,0.000000,0.000000,31.594015,0.000000,0.000000,0.000000,2000.000000,0.000000,49.161379,400.000000,225.000000,90.000000,0.000000,0.000000
10.710000,230.055923,0.000000,0.000000,31.730259,0.000000,0.000000,0.000000,2000.000000,0.000000,49.153462,400.000000,225.000000,90.000000,0.000000,0.000000
10.810000,233.236403,0.000000,0.000000,31.865661,0.000000,0.000000,0.000000,2000.000000,0.000000,49.145546,400.000000,225.000000,90.000000,0.000000,0.000000
10.910000,236.430377,0.000000,0.000000,32.000230,0.000000,0.000000,0.000000,2000.000000,0.000000,49.137629,400.000000,225.000000,90.000000,0.000000,0.000000
11.010000,239.637763,0.000000,0.000000,32.133977,0.000000,0.000000,0.000000,2000.000000,0.000000,49.129712,400.000000,225.000000,90.000000,0.000000,0.000000
11.110000,242.858479,0.000000,0.000000,32.266911,0.000000,0.000000,0.000000,2000.000000,0.000000,49.121796,400.000000,225.000000,90.000000,0.000000,0.000000
11.210000,246.092444,0.000000,0.000000,32.399042,0.000000,0.000000,0.000000,2000.000000,0.000000,49.113879,400.000000,225.000000,90.000000,0.000000,0.000000
11.310000,249.339578,0.000000,0.000000,32.530379,0.000000,0.000000,0.000000,2000.000000,0.000000,49.105962,400.000000,225.000000,90.000000,0.000000,0.000000
11.410000,252.599803,0.000000,0.000000,32.660930,0.000000,0.000000,0.000000,2000.000000,0.000000,49.098046,400.000000,225.000000,90.000000,0.000000,0.000000
11.510000,255.873040,0.000000,0.000000,32.790707,0.000000,0.000000,0.000000,2000.000000,0.000000,49.090129,400.000000,225.000000,90.000000,0.000000,0.000000
11.610000,259.159212,0.000000,0.000000,32.919716,0.000000,0.000000,0.000000,2000.000000,0.000000,49.082212,400.000000,225.000000,90.000000,0.000000,0.000000
11.710000,262.458244,0.000000,0.000000,33.047966,0.000000,0.000000,0.000000,2000.000000,0.000000,49.074296,400.000000,225.000000,90.000000,0.000000,0.000000
11.810000,265.770059,0.000000,0.000000,33.175466,0.000000,0.000000,0.000000,2000.000000,0.000000,49.066379,400.000000,225.000000,90.000000,0.000000,0.000000
11.910000,269.094583,0.000000,0.000000,33.302224,0.000000,0.000000,0.000000,2000.000000,0.000000,49.058462,400.000000,225.000000,90.000000,0.000000,0.000000
12.010000,272.431743,0.000000,0.000000,33.428249,0.000000,0.000000,0.000000,2000.000000,0.000000,49.050546,400.000000,225.000000,90.000000,0.000000,0.000000
12.110000,275.781466,0.000000,0.000000,33.553547,0.000000,0.000000,0.000000,2000.000000,0.000000,49.042629,400.000000,225.000000,90.000000,0.000000,0.000000
12.210000,279.143678,0.000000,0.000000,33.678127,0.000000,0.000000,0.000000,2000.000000,0.000000,49.034712,400.000000,225.000000,90.000000,0.000000,0.000000
12.310000,282.518309,0.000000,0.000000,33.801996,0.000000,0.000000,0.000000,2000.000000,0.000000,49.026796,400.000000,225.000000,90.000000,0.000000,0.000000
12.410000,285.905289,0.000000,0.000000,33.925162,0.000000,0.000000,0.000000,2000.000000,0.000000,49.018879,400.000000,225.000000,90.000000,0.000000,0.000000
12.510000,289.304547,0.000000,0.000000,34.047632,0.000000,0.000000,0.000000,2000.000000,0.000000,49.010962,400.000000,225.000000,90.000000,0.000000,0.000000
12.610000,292.716014,0.000000,0.000000,34.169414,0.000000,0.000000,0.000000,2000.000000,0.000000,49.003046,400.000000,225.000000,90.000000,0.000000,0.000000
12.710000,296.139621,0.000000,0.000000,34.290513,0.000000,0.000000,0.000000,2000.000000,0.000000,48.995129,400.000000,225.000000,90.000000,0.000000,0.000000
12.810000,299.575301,0.000000,0.000000,34.410938,0.000000,0.000000,0.000000,2000.000000,0.000000,48.987212,400.000000,225.000000,90.000000,0.000000,0.000000
12.910000,303.022987,0.000000,0.000000,34.530694,0.000000,0.000000,0.000000,2000.000000,0.000000,48.979296,400.000000,225.000000,90.000000,0.000000,0.000000
13.010000,306.482612,0.000000,0.000000,34.649789,0.000000,0.000000,0.000000,2000.000000,0.000000,48.971379,400.000000,225.000000,90.000000,0.000000,0.000000
13.110000,309.954111,0.000000,0.000000,34.768229,0.000000,0.000000,0.000000,2000.000000,0.000000,48.963462,400.000000,225.000000,90.000000,0.000000,0.000000
13.210000,313.437417,0.000000,0.000000,34.886021,0.000000,0.000000,0.000000,2000.000000,0.000000,48.955546,400.000000,225.000000,90.000000,0.000000,0.000000
13.310000,316.932468,0.000000,0.000000,35.003170,0.000000,0.000000,0.000000,2000.000000,0.000000,48.947629,400.000000,225.000000,90.000000,0.000000,0.000000
13.410000,320.439198,0.000000,0.000000,35.119683,0.000000,0.000000,0.000000,2000.000000,0.000000,48.939712,400.000000,225.000000,90.000000,0.000000,0.000000
13.510000,323.957545,0.000000,0.000000,35.235566,0.000000,0.000000,0.000000,2000.000000,0.000000,48.931796,400.000000,225.000000,90.000000,0.000000,0.000000
13.610000,327.487446,0.000000,0.000000,35.350824,0.000000,0.000000,0.000000,2000.000000,0.000000,48.923879,400.000000,225.000000,90.000000,0.000000,0.000000
13.710000,331.028839,0.000000,0.000000,35.465465,0.000000,0.000000,0.000000,2000.000000,0.000000,48.915962,400.000000,225.000000,90.000000,0.000000,0.000000
13.810000,334.581662,0.000000,0.000000,35.579493,0.000000,0.000000,0.000000,2000.000000,0.000000,48.908046,400.000000,225.000000,90.000000,0.000000,0.000000
13.910000,338.145855,0.000000,0.000000,35.692914,0.000000,0.000000,0.000000,2000.000000,0.000000,48.900129,400.000000,225.000000,90.000000,0.000000,0.000000
14.010000,341.721356,0.000000,0.000000,35.805734,0.000000,0.000000,0.000000,2000.000000,0.000000,48.892212,400.000000,225.000000,90.000000,0.000000,0.000000
14.110000,345.308107,0.000000,0.000000,35.917959,0.000000,0.000000,0.000000,2000.000000,0.000000,48.884296,400.000000,225.000000,90.000000,0.000000,0.000000
14.210000,348.906047,0.000000,0.000000,36.029592,0.000000,0.000000,0.000000,2000.000000,0.000000,48.876379,400.000000,225.000000,90.000000,0.000000,0.000000
14.310000,352.515119,0.000000,0.000000,36.140641,0.000000,0.000000,0.000000,2000.000000,0.000000,48.868462,400.000000,225.000000,90.000000,0.000000,0.000000
14.410000,356.135264,0.000000,0.000000,36.251110,0.000000,0.000000,0.000000,2000.000000,0.000000,48.860546,400.000000,225.000000,90.000000,0.000000,0.000000
14.510000,359.766424,0.000000,0.000000,36.361004,0.000000,0.000000,0.000000,2000.000000,0.000000,48.852629,400.000000,225.000000,90.000000,0.000000,0.000000
14.610000,363.408541,0.000000,0.000000,36.470328,0.000000,0.000000,0.000000,2000.000000,0.000000,48.844712,400.000000,225.000000,90.000000,0.000000,0.000000
14.710000,367.061561,0.000000,0.000000,36.579088,0.000000,0.000000,0.000000,2000.000000,0.000000,48.836796,400.000000,225.000000,90.000000,0.000000,0.000000
14.810000,370.725425,0.000000,0.000000,36.687287,0.000000,0.000000,0.000000,2000.000000,0.000000,48.828879,400.000000,225.000000,90.000000,0.000000,0.000000
14.910000,374.400079,0.000000,0.000000,36.794931,0.000000,0.000000,0.000000,2000.000000,0.000000,48.820962,400.000000,225.000000,90.000000,0.000000,0.000000
15.010000,378.085467,0.000000,0.000000,36.902025,0.000000,0.000000,0.000000,2000.000000,0.000000,48.813046,400.000000,225.000000,90.000000,0.000000,0.000000
15.110000,381.774091,0.000000,0.000000,36.873343,0.000000,0.000000,0.000000,0.000000,0.000000,48.812650,400.000000,0.000000,0.000000,0.000000,0.000000
15.210000,385.459850,0.000000,0.000000,36.844702,0.000000,0.000000,0.000000,0.000000,0.000000,48.812650,400.000000,0.000000,0.000000,0.000000,0.000000
15.310000,389.142747,0.000000,0.000000,36.816102,0.000000,0.000000,0.000000,0.000000,0.000000,48.812650,400.000000,0.000000,0.000000,0.000000,0.000000
15.410000,392.822786,0.000000,0.000000,36.787542,0.000000,0.000000,0.000000,0.000000,0.000000,48.812650,400.000000,0.000000,0.000000,0.000000,0.000000
15.510000,396.499971,0.000000,0.000000,36.759024,0.000000,0.000000,0.000000,0.000000,0.000000,48.812650,400.000000,0.000000,0.000000,0.000000,0.000000
15.610000,400.174307,0.000000,0.000000,36.730546,0.000000,0.000000,0.000000,0.000000,0.000000,48.812650,400.000000,0.000000,0.000000,0.000000,0.000000
15.710000,403.845797,0.000000,0.000000,36.702109,0.000000,0.000000,0.000000,0.000000,0.000000,48.812650,400.000000,0.000000,0.000000,0.000000,0.000000
15.810000,407.514446,0.000000,0.000000,36.673712,0.000000,0.000000,0.000000,0.000000,0.000000,48.812650,400.000000,0.000000,0.000000,0.000000,0.000000
15.910000,411.180257,0.000000,0.000000,36.645356,0.000000,0.000000,0.000000,0.000000,0.000000,48.812650,400.000000,0.000000,0.000000,0.000000,0.000000
16.010000,414.843235,0.000000,0.000000,36.617041,0.000000,0.000000,0.000000,0.000000,0.000000,48.812650,400.000000,0.000000,0.000000,0.000000,0.000000
16.110000,418.503384,0.000000,0.000000,36.588765,0.000000,0.000000,0.000000,0.000000,0.000000,48.812650,400.000000,0.000000,0.000000,0.000000,0.000000
16.210000,422.160707,0.000000,0.000000,36.560530,0.000000,0.000000,0.000000,0.000000,0.000000,48.812650,400.000000,0.000000,0.000000,0.000000,0.000000
16.310000,425.815209,0.000000,0.000000,36.532335,0.000000,0.000000,0.000000,0.000000,0.000000,48.812650,400.000000,0.000000,0.000000,0.000000,0.000000
16.410000,429.466894,0.000000,0.000000,36.504180,0.000000,0.000000,0.000000,0.000000,0.000000,48.812650,400.000000,0.000000,0.000000,0.000000,0.000000
16.510000,433.115765,0.000000,0.000000,36.476065,0.000000,0.000000,0.000000,0.000000,0.000000,48.812650,400.000000,0.000000,0.000000,0.000000,0.000000
16.610000,436.761827,0.000000,0.000000,36.447990,0.000000,0.000000,0.000000,0.000000,0.000000,48.812650,400.000000,0.000000,0.000000,0.000000,0.000000
16.710000,440.405084,0.000000,0.000000,36.419954,0.000000,0.000000,0.000000,0.000000,0.000000,48.812650,400.000000,0.000000,0.000000,0.000000,0.000000
16.810000,444.045539,0.000000,0.000000,36.391959,0.000000,0.000000,0.000000,0.000000,0.000000,48.812650,400.000000,0.000000,0.000000,0.000000,0.000000
16.910000,447.683197,0.000000,0.000000,36.364003,0.000000,0.000000,0.000000,0.000000,0.000000,48.812650,400.000000,0.000000,0.000000,0.000000,0.000000
17.010000,451.318062,0.000000,0.000000,36.336086,0.000000,0.000000,0.000000,0.000000,0.000000,48.812650,400.000000,0.000000,0.000000,0.000000,0.000000
17.110000,454.950137,0.000000,0.000000,36.308209,0.000000,0.000000,0.000000,0.000000,0.000000,48.812650,400.000000,0.000000,0.000000,0.000000,0.000000
17.210000,458.579426,0.000000,0.000000,36.280371,0.000000,0.000000,0.000000,0.000000,0.000000,48.812650,400.000000,0.000000,0.000000,0.000000,0.000000
17.310000,462.205934,0.000000,0.000000,36.252572,0.000000,0.000000,0.000000,0.000000,0.000000,48.812650,400.000000,0.000000,0.000000,0.000000,0.000000
17.410000,465.829664,0.000000,0.000000,36.224813,0.000000,0.000000,0.000000,0.000000,0.000000,48.812650,400.000000,0.000000,0.000000,0.000000,0.000000
17.510000,469.450620,0.000000,0.000000,36.197092,0.000000,0.000000,0.000000,0.000000,0.000000,48.812650,400.000000,0.000000,0.000000,0.000000,0.000000
17.610000,473.068807,0.000000,0.000000,36.169411,0.000000,0.000000,0.000000,0.000000,0.000000,48.812650,400.000000,0.000000,0.000000,0.000000,0.000000
17.710000,476.684227,0.000000,0.000000,36.141769,0.000000,0.000000,0.000000,0.000000,0.000000,48.812650,400.000000,0.000000,0.000000,0.000000,0.000000
17.800000,479.935744,0.000000,0.000000,36.116924,0.000000,0.000000,0.000000,0.000000,0.000000,48.812650,400.000000,0.000000,0.000000,0.000000,0.000000
17.900000,483.545920,0.000000,0.000000,36.089355,0.000000,0.000000,0.000000,0.000000,0.000000,48.812650,400.000000,0.000000,0.000000,0.000000,0.000000
18.000000,487.153341,0.000000,0.000000,36.061825,0.000000,0.000000,0.000000,0.000000,0.000000,48.812650,400.000000,0.000000,0.000000,0.000000,0.000000
18.100000,490.758011,0.000000,0.000000,36.034333,0.000000,0.000000,0.000000,0.000000,0.000000,48.812650,400.000000,0.000000,0.000000,0.000000,0.000000
18.200000,494.359934,0.000000,0.000000,36.006880,0.000000,0.000000,0.000000,0.000000,0.000000,48.812650,400.000000,0.000000,0.000000,0.000000,0.000000
18.300000,497.959114,0.000000,0.000000,35.979466,0.000000,0.000000,0.000000,0.000000,0.000000,48.812650,400.000000,0.000000,0.000000,0.000000,0.000000
18.400000,501.555554,0.000000,0.000000,35.952089,0.000000,0.000000,0.000000,0.000000,0.000000,48.812650,400.000000,0.000000,0.000000,0.000000,0.000000
18.500000,505.149260,0.000000,0.000000,35.924751,0.000000,0.000000,0.000000,0.000000,0.000000,48.812650,400.000000,0.000000,0.000000,0.000000,0.000000
18.600000,508.740233,0.000000,0.000000,35.897452,0.000000,0.000000,0.000000,0.000000,0.000000,48.812650,400.000000,0.000000,0.000000,0.000000,0.000000
18.700000,512.328478,0.000000,0.000000,35.870190,0.000000,0.000000,0.000000,0.000000,0.000000,48.812650,400.000000,0.000000,0.000000,0.000000,0.000000
18.800000,515.914000,0.000000,0.000000,35.842966,0.000000,0.000000,0.000000,0.000000,0.000000,48.812650,400.000000,0.000000,0.000000,0.000000,0.000000
18.900000,519.496801,0.000000,0.000000,35.815780,0.000000,0.000000,0.000000,0.000000,0.000000,48.812650,400.000000,0.000000,0.000000,0.000000,0.000000
19.000000,523.076885,0.000000,0.000000,35.788632,0.000000,0.000000,0.000000,0.000000,0.000000,48.812650,400.000000,0.000000,0.000000,0.000000,0.000000
19.100000,526.654257,0.000000,0.000000,35.761522,0.000000,0.000000,0.000000,0.000000,0.000000,48.812650,400.000000,0.000000,0.000000,0.000000,0.000000
19.200000,530.228920,0.000000,0.000000,35.734450,0.000000,0.000000,0.000000,0.000000,0.000000,48.812650,400.000000,0.000000,0.000000,0.000000,0.000000
19.300000,533.800878,0.000000,0.000000,35.707415,0.000000,0.000000,0.000000,0.000000,0.000000,48.812650,400.000000,0.000000,0.000000,0.000000,0.000000
19.400000,537.370134,0.000000,0.000000,35.680417,0.000000,0.000000,0.000000,0.000000,0.000000,48.812650,400.000000,0.000000,0.000000,0.000000,0.000000
19.500000,540.936693,0.000000,0.000000,35.653457,0.000000,0.000000,0.000000,0.000000,0.000000,48.812650,400.000000,0.000000,0.000000,0.000000,0.000000
19.600000,544.500558,0.000000,0.000000,35.626535,0.000000,0.000000,0.000000,0.000000,0.000000,48.812650,400.000000,0.000000,0.000000,0.000000,0.000000
19.700000,548.061732,0.000000,0.000000,35.599649,0.000000,0.000000,0.000000,0.000000,0.000000,48.812650,400.000000,0.000000,0.000000,0.000000,0.000000
19.800000,551.620220,0.000000,0.000000,35.572801,0.000000,0.000000,0.000000,0.000000,0.000000,48.812650,400.000000,0.000000,0.000000,0.000000,0.000000
19.900000,555.176025,0.000000,0.000000,35.545990,0.000000,0.000000,0.000000,0.000000,0.000000,48.812650,400.000000,0.000000,0.000000,0.000000,0.000000
20.000000,558.729151,0.000000,0.000000,35.519216,0.000000,0.000000,0.000000,0.000000,0.000000,48.812650,400.000000,0.000000,0.000000,0.000000,0.000000
20.100000,562.279602,0.000000,0.000000,35.492479,0.000000,0.000000,0.000000,0.000000,0.000000,48.812650,400.000000,0.000000,0.000000,0.000000,0.000000
20.200000,565.827381,0.000000,0.000000,35.465779,0.000000,0.000000,0.000000,0.000000,0.000000,48.812650,400.000000,0.000000,0.000000,0.000000,0.000000
20.300000,569.372492,0.000000,0.000000,35.439116,0.000000,0.000000,0.000000,0.000000,0.000000,48.812650,400.000000,0.000000,0.000000,0.000000,0.000000
20.400000,572.914939,0.000000,0.000000,35.412489,0.000000,0.000000,0.000000,0.000000,0.000000,48.812650,400.000000,0.000000,0.000000,0.000000,0.000000
20.500000,576.454725,0.000000,0.000000,35.385899,0.000000,0.000000,0.000000,0.000000,0.000000,48.812650,400.000000,0.000000,0.000000,0.000000,0.000000
20.600000,579.991855,0.000000,0.000000,35.359346,0.000000,0.000000,0.000000,0.000000,0.000000,48.812650,400.000000,0.000000,0.000000,0.000000,0.000000
20.700000,583.526331,0.000000,0.000000,35.332829,0.000000,0.000000,0.000000,0.000000,0.000000,48.812650,400.000000,0.000000,0.000000,0.000000,0.000000
20.800000,587.058157,0.000000,0.000000,35.306349,0.000000,0.000000,0.000000,0.000000,0.000000,48.812650,400.000000,0.000000,0.000000,0.000000,0.000000
20.900000,590.587337,0.000000,0.000000,35.279905,0.000000,0.000000,0.000000,0.000000,0.000000,48.812650,400.000000,0.000000,0.000000,0.000000,0.000000
21.000000,594.113875,0.000000,0.000000,35.253497,0.000000,0.000000,0.000000,0.000000,0.000000,48.812650,400.000000,0.000000,0.000000,0.000000,0.000000
21.100000,597.637774,0.000000,0.000000,35.227125,0.000000,0.000000,0.000000,0.000000,0.000000,48.812650,400.000000,0.000000,0.000000,0.000000,0.000000
21.200000,601.159037,0.000000,0.000000,35.200789,0.000000,0.000000,0.000000,0.000000,0.000000,48.812650,400.000000,0.000000,0.000000,0.000000,0.000000
21.300000,604.677669,0.000000,0.000000,35.174490,0.000000,0.000000,0.000000,0.000000,0.000000,48.812650,400.000000,0.000000,0.000000,0.000000,0.000000
21.400000,608.193674,0.000000,0.000000,35.148226,0.000000,0.000000,0.000000,0.000000,0.000000,48.812650,400.000000,0.000000,0.000000,0.000000,0.000000
21.500000,611.707053,0.000000,0.000000,35.121999,0.000000,0.000000,0.000000,0.000000,0.000000,48.812650,400.000000,0.000000,0.000000,0.000000,0.000000
21.600000,615.217813,0.000000,0.000000,35.095807,0.000000,0.000000,0.000000,0.000000,0.000000,48.812650,400.000000,0.000000,0.000000,0.000000,0.000000
21.700000,618.725954,0.000000,0.000000,35.069651,0.000000,0.000000,0.000000,0.000000,0.000000,48.812650,400.000000,0.000000,0.000000,0.000000,0.000000
21.800000,622.231482,0.000000,0.000000,35.043530,0.000000,0.000000,0.000000,0.000000,0.000000,48.812650,400.000000,0.000000,0.000000,0.000000,0.000000
21.900000,625.734400,0.000000,0.000000,35.017445,0.000000,0.000000,0.000000,0.000000,0.000000,48.812650,400.000000,0.000000,0.000000,0.000000,0.000000
22.000000,629.234712,0.000000,0.000000,34.991396,0.000000,0.000000,0.000000,0.000000,0.000000,48.812650,400.000000,0.000000,0.000000,0.000000,0.000000
22.100000,632.732420,0.000000,0.000000,34.965382,0.000000,0.000000,0.000000,0.000000,0.000000,48.812650,400.000000,0.000000,0.000000,0.000000,0.000000
22.200000,636.227529,0.000000,0.000000,34.939403,0.000000,0.000000,0.000000,0.000000,0.000000,48.812650,400.000000,0.000000,0.000000,0.000000,0.000000
22.300000,639.720043,0.000000,0.000000,34.913459,0.000000,0.000000,0.000000,0.000000,0.000000,48.812650,400.000000,0.000000,0.000000,0.000000,0.000000
22.400000,643.209963,0.000000,0.000000,34.887551,0.000000,0.000000,0.000000,0.000000,0.000000,48.812650,400.000000,0.000000,0.000000,0.000000,0.000000
22.500000,646.697295,0.000000,0.000000,34.861678,0.000000,0.000000,0.000000,0.000000,0.000000,48.812650,400.000000,0.000000,0.000000,0.000000,0.000000
22.600000,650.182042,0.000000,0.000000,34.835840,0.000000,0.000000,0.000000,0.000000,0.000000,48.812650,400.000000,0.000000,0.000000,0.000000,0.000000
22.700000,653.664206,0.000000,0.000000,34.810037,0.000000,0.000000,0.000000,0.000000,0.000000,48.812650,400.000000,0.000000,0.000000,0.000000,0.000000
22.800000,657.143792,0.000000,0.000000,34.784269,0.000000,0.000000,0.000000,0.000000,0.000000,48.812650,400.000000,0.000000,0.000000,0.000000,0.000000
22.900000,660.620804,0.000000,0.000000,34.758536,0.000000,0.000000,0.000000,0.000000,0.000000,48.812650,400.000000,0.000000,0.000000,0.000000,0.000000
23.000000,664.095243,0.000000,0.000000,34.732837,0.000000,0.000000,0.000000,0.000000,0.000000,48.812650,400.000000,0.000000,0.000000,0.000000,0.000000
23.100000,667.567115,0.000000,0.000000,34.707174,0.000000,0.000000,0.000000,0.000000,0.000000,48.812650,400.000000,0.000000,0.000000,0.000000,0.000000
23.200000,671.036423,0.000000,0.000000,34.681544,0.000000,0.000000,0.000000,0.000000,0.000000,48.812650,400.000000,0.000000,0.000000,0.000000,0.000000
23.300000,674.503169,0.000000,0.000000,34.655950,0.000000,0.000000,0.000000,0.000000,0.000000,48.812650,400.000000,0.000000,0.000000,0.000000,0.000000
23.400000,677.967358,0.000000,0.000000,34.630389,0.000000,0.000000,0.000000,0.000000,0.000000,48.812650,400.000000,0.000000,0.000000,0.000000,0.000000
23.500000,681.428993,0.000000,0.000000,34.604864,0.000000,0.000000,0.000000,0.000000,0.000000,48.812650,400.000000,0.000000,0.000000,0.000000,0.000000
23.600000,684.888077,0.000000,0.000000,34.579372,0.000000,0.000000,0.000000,0.000000,0.000000,48.812650,400.000000,0.000000,0.000000,0.000000,0.000000
23.700000,688.344614,0.000000,0.000000,34.553915,0.000000,0.000000,0.000000,0.000000,0.000000,48.812650,400.000000,0.000000,0.000000,0.000000,0.000000
23.800000,691.798607,0.000000,0.000000,34.528492,0.000000,0.000000,0.000000,0.000000,0.000000,48.812650,400.000000,0.000000,0.000000,0.000000,0.000000
23.900000,695.250059,0.000000,0.000000,34.503103,0.000000,0.000000,0.000000,0.000000,0.000000,48.812650,400.000000,0.000000,0.000000,0.000000,0.000000
24.000000,698.698975,0.000000,0.000000,34.477748,0.000000,0.000000,0.000000,0.000000,0.000000,48.812650,400.000000,0.000000,0.000000,0.000000,0.000000
24.100000,702.145357,0.000000,0.000000,34.452428,0.000000,0.000000,0.000000,0.000000,0.000000,48.812650,400.000000,0.000000,0.000000,0.000000,0.000000
24.200000,705.589208,0.000000,0.000000,34.427141,0.000000,0.000000,0.000000,0.000000,0.000000,48.812650,400.000000,0.000000,0.000000,0.000000,0.000000
24.300000,709.030533,0.000000,0.000000,34.401887,0.000000,0.000000,0.000000,0.000000,0.000000,48.812650,400.000000,0.000000,0.000000,0.000000,0.000000
24.400000,712.469335,0.000000,0.000000,34.376668,0.000000,0.000000,0.000000,0.000000,0.000000,48.812650,400.000000,0.000000,0.000000,0.000000,0.000000
24.500000,715.905616,0.000000,0.000000,34.351483,0.000000,0.000000,0.000000,0.000000,0.000000,48.812650,400.000000,0.000000,0.000000,0.000000,0.000000
24.600000,719.339381,0.000000,0.000000,34.326330,0.000000,0.000000,0.000000,0.000000,0.000000,48.812650,400.000000,0.000000,0.000000,0.000000,0.000000
24.700000,722.770632,0.000000,0.000000,34.301212,0.000000,0.000000,0.000000,0.000000,0.000000,48.812650,400.000000,0.000000,0.000000,0.000000,0.000000
24.800000,726.199373,0.000000,0.000000,34.276127,0.000000,0.000000,0.000000,0.000000,0.000000,48.812650,400.000000,0.000000,0.000000,0.000000,0.000000
24.900000,729.625608,0.000000,0.000000,34.251075,0.000000,0.000000,0.000000,0.000000,0.000000,48.812650,400.000000,0.000000,0.000000,0.000000,0.000000
25.000000,733.049339,0.000000,0.000000,34.226057,0.000000,0.000000,0.000000,0.000000,0.000000,48.812650,400.000000,0.000000,0.000000,0.000000,0.000000
25.100000,736.470570,0.000000,0.000000,34.201072,0.000000,0.000000,0.000000,0.000000,0.000000,48.812650,400.000000,0.000000,0.000000,0.000000,0.000000
25.200000,739.889305,0.000000,0.000000,34.176121,0.000000,0.000000,0.000000,0.000000,0.000000,48.812650,400.000000,0.000000,0.000000,0.000000,0.000000
25.300000,743.305546,0.000000,0.000000,34.151202,0.000000,0.000000,0.000000,0.000000,0.000000,48.812650,400.000000,0.000000,0.000000,0.000000,0.000000
25.400000,746.719297,0.000000,0.000000,34.126317,0.000000,0.000000,0.000000,0.000000,0.000000,48.812650,400.000000,0.000000,0.000000,0.000000,0.000000
25.500000,750.130562,0.000000,0.000000,34.101464,0.000000,0.000000,0.000000,0.000000,0.000000,48.812650,400.000000,0.000000,0.000000,0.000000,0.000000
25.600000,753.539343,0.000000,0.000000,34.076645,0.000000,0.000000,0.000000,0.000000,0.000000,48.812650,400.000000,0.000000,0.000000,0.000000,0.000000
25.700000,756.945644,0.000000,0.000000,34.051858,0.000000,0.000000,0.000000,0.000000,0.000000,48.812650,400.000000,0.000000,0.000000,0.000000,0.000000
25.800000,760.349468,0.000000,0.000000,34.027104,0.000000,0.000000,0.000000,0.000000,0.000000,48.812650,400.000000,0.000000,0.000000,0.000000,0.000000
25.900000,763.750818,0.000000,0.000000,34.002383,0.000000,0.000000,0.000000,0.000000,0.000000,48.812650,400.000000,0.000000,0.000000,0.000000,0.000000
26.000000,767.149699,0.000000,0.000000,33.977694,0.000000,0.000000,0.000000,0.000000,0.000000,48.812650,400.000000,0.000000,0.000000,0.000000,0.000000
26.100000,770.546112,0.000000,0.000000,33.953039,0.000000,0.000000,0.000000,0.000000,0.000000,48.812650,400.000000,0.000000,0.000000,0.000000,0.000000
26.200000,773.940061,0.000000,0.000000,33.928415,0.000000,0.000000,0.000000,0.000000,0.000000,48.812650,400.000000,0.000000,0.000000,0.000000,0.000000
26.300000,777.331550,0.000000,0.000000,33.903824,0.000000,0.000000,0.000000,0.000000,0.000000,48.812650,400.000000,0.000000,0.000000,0.000000,0.000000
26.400000,780.720581,0.000000,0.000000,33.879266,0.000000,0.000000,0.000000,0.000000,0.000000,48.812650,400.000000,0.000000,0.000000,0.000000,0.000000
26.500000,784.107159,0.000000,0.000000,33.854740,0.000000,0.000000,0.000000,0.000000,0.000000,48.812650,400.000000,0.000000,0.000000,0.000000,0.000000
26.600000,787.491285,0.000000,0.000000,33.830246,0.000000,0.000000,0.000000,0.000000,0.000000,48.812650,400.000000,0.000000,0.000000,0.000000,0.000000
26.700000,790.872964,0.000000,0.000000,33.805784,0.000000,0.000000,0.000000,0.000000,0.000000,48.812650,400.000000,0.000000,0.000000,0.000000,0.000000
26.800000,794.252199,0.000000,0.000000,33.781355,0.000000,0.000000,0.000000,0.000000,0.000000,48.812650,400.000000,0.000000,0.000000,0.000000,0.000000
26.900000,797.628992,0.000000,0.000000,33.756957,0.000000,0.000000,0.000000,0.000000,0.000000,48.812650,400.000000,0.000000,0.000000,0.000000,0.000000
27.000000,801.003347,0.000000,0.000000,33.732592,0.000000,0.000000,0.000000,0.000000,0.000000,48.812650,400.000000,0.000000,0.000000,0.000000,0.000000
27.100000,804.375268,0.000000,0.000000,33.708259,0.000000,0.000000,0.000000,0.000000,0.000000,48.812650,400.000000,0.000000,0.000000,0.000000,0.000000
27.200000,807.744757,0.000000,0.000000,33.683957,0.000000,0.000000,0.000000,0.000000,0.000000,48.812650,400.000000,0.000000,0.000000,0.000000,0.000000
27.300000,811.111818,0.000000,0.000000,33.659687,0.000000,0.000000,0.000000,0.000000,0.000000,48.812650,400.000000,0.000000,0.000000,0.000000,0.000000
27.400000,814.476453,0.000000,0.000000,33.635449,0.000000,0.000000,0.000000,0.000000,0.000000,48.812650,400.000000,0.000000,0.000000,0.000000,0.000000
27.500000,817.838666,0.000000,0.000000,33.611243,0.000000,0.000000,0.000000,0.000000,0.000000,48.812650,400.000000,0.000000,0.000000,0.000000,0.000000
27.600000,821.198461,0.000000,0.000000,33.587068,0.000000,0.000000,0.000000,0.000000,0.000000,48.812650,400.000000,0.000000,0.000000,0.000000,0.000000
27.700000,824.555839,0.000000,0.000000,33.562925,0.000000,0.000000,0.000000,0.000000,0.000000,48.812650,400.000000,0.000000,0.000000,0.000000,0.000000
27.800000,827.910806,0.000000,0.000000,33.538814,0.000000,0.000000,0.000000,0.000000,0.000000,48.812650,400.000000,0.000000,0.000000,0.000000,0.000000
27.900000,831.263362,0.000000,0.000000,33.514733,0.000000,0.000000,0.000000,0.000000,0.000000,48.812650,400.000000,0.000000,0.000000,0.000000,0.000000
28.000000,834.613513,0.000000,0.000000,33.490684,0.000000,0.000000,0.000000,0.000000,0.000000,48.812650,400.000000,0.000000,0.000000,0.000000,0.000000
28.100000,837.961260,0.000000,0.000000,33.466667,0.000000,0.000000,0.000000,0.000000,0.000000,48.812650,400.000000,0.000000,0.000000,0.000000,0.000000
28.200000,841.306607,0.000000,0.000000,33.442681,0.000000,0.000000,0.000000,0.000000,0.000000,48.812650,400.000000,0.000000,0.000000,0.000000,0.000000
28.300000,844.649557,0.000000,0.000000,33.418725,0.000000,0.000000,0.000000,0.000000,0.000000,48.812650,400.000000,0.000000,0.000000,0.000000,0.000000
28.400000,847.990114,0.000000,0.000000,33.394801,0.000000,0.000000,0.000000,0.000000,0.000000,48.812650,400.000000,0.000000,0.000000,0.000000,0.000000
28.500000,851.328280,0.000000,0.000000,33.370909,0.000000,0.000000,0.000000,0.000000,0.000000,48.812650,400.000000,0.000000,0.000000,0.000000,0.000000
28.600000,854.664058,0.000000,0.000000,33.347047,0.000000,0.000000,0.000000,0.000000,0.000000,48.812650,400.000000,0.000000,0.000000,0.000000,0.000000
28.700000,857.997451,0.000000,0.000000,33.323216,0.000000,0.000000,0.000000,0.000000,0.000000,48.812650,400.000000,0.000000,0.000000,0.000000,0.000000
28.800000,861.328464,0.000000,0.000000,33.299415,0.000000,0.000000,0.000000,0.000000,0.000000,48.812650,400.000000,0.000000,0.000000,0.000000,0.000000
28.900000,864.657098,0.000000,0.000000,33.275646,0.000000,0.000000,0.000000,0.000000,0.000000,48.812650,400.000000,0.000000,0.000000,0.000000,0.000000
29.000000,867.983356,0.000000,0.000000,33.251907,0.000000,0.000000,0.000000,0.000000,0.000000,48.812650,400.000000,0.000000,0.000000,0.000000,0.000000
29.100000,871.307243,0.000000,0.000000,33.228199,0.000000,0.000000,0.000000,0.000000,0.000000,48.812650,400.000000,0.000000,0.000000,0.000000,0.000000
29.200000,874.628760,0.000000,0.000000,33.204522,0.000000,0.000000,0.000000,0.000000,0.000000,48.812650,400.000000,0.000000,0.000000,0.000000,0.000000
29.300000,877.947912,0.000000,0.000000,33.180875,0.000000,0.000000,0.000000,0.000000,0.000000,48.812650,400.000000,0.000000,0.000000,0.000000,0.000000
29.400000,881.264700,0.000000,0.000000,33.157259,0.000000,0.000000,0.000000,0.000000,0.000000,48.812650,400.000000,0.000000,0.000000,0.000000,0.000000
29.500000,884.579129,0.000000,0.000000,33.133673,0.000000,0.000000,0.000000,0.000000,0.000000,48.812650,400.000000,0.000000,0.000000,0.000000,0.000000
29.600000,887.891200,0.000000,0.000000,33.110118,0.000000,0.000000,0.000000,0.000000,0.000000,48.812650,400.000000,0.000000,0.000000,0.000000,0.000000
29.700000,891.200918,0.000000,0.000000,33.086593,0.000000,0.000000,0.000000,0.000000,0.000000,48.812650,400.000000,0.000000,0.000000,0.000000,0.000000
29.800000,894.508285,0.000000,0.000000,33.063098,0.000000,0.000000,0.000000,0.000000,0.000000,48.812650,400.000000,0.000000,0.000000,0.000000,0.000000
29.900000,897.813304,0.000000,0.000000,33.039633,0.000000,0.000000,0.000000,0.000000,0.000000,48.812650,400.000000,0.000000,0.000000,0.000000,0.000000
30.000000,901.115978,0.000000,0.000000,33.016199,0.000000,0.000000,0.000000,0.000000,0.000000,48.812650,400.000000,0.000000,0.000000,0.000000,0.000000
30.100000,904.416310,0.000000,0.000000,32.992794,0.000000,0.000000,0.000000,0.000000,0.000000,48.812650,400.000000,0.000000,0.000000,0.000000,0.000000
30.200000,907.714304,0.000000,0.000000,32.969420,0.000000,0.000000,0.000000,0.000000,0.000000,48.812650,400.000000,0.000000,0.000000,0.000000,0.000000
30.300000,911.009961,0.000000,0.000000,32.946075,0.000000,0.000000,0.000000,0.000000,0.000000,48.812650,400.000000,0.000000,0.000000,0.000000,0.000000
30.400000,914.303286,0.000000,0.000000,32.922760,0.000000,0.000000,0.000000,0.000000,0.000000,48.812650,400.000000,0.000000,0.000000,0.000000,0.000000
30.500000,917.594281,0.000000,0.000000,32.899476,0.000000,0.000000,0.000000,0.000000,0.000000,48.812650,400.000000,0.000000,0.000000,0.000000,0.000000
30.600000,920.882950,0.000000,0.000000,32.876221,0.000000,0.000000,0.000000,0.000000,0.000000,48.812650,400.000000,0.000000,0.000000,0.000000,0.000000
30.700000,924.169294,0.000000,0.000000,32.852995,0.000000,0.000000,0.000000,0.000000,0.000000,48.812650,400.000000,0.000000,0.000000,0.000000,0.000000
30.800000,927.453318,0.000000,0.000000,32.829800,0.000000,0.000000,0.000000,0.000000,0.000000,48.812650,400.000000,0.000000,0.000000,0.000000,0.000000
30.900000,930.735023,0.000000,0.000000,32.806634,0.000000,0.000000,0.000000,0.000000,0.000000,48.812650,400.000000,0.000000,0.000000,0.000000,0.000000
31.000000,934.014414,0.000000,0.000000,32.783497,0.000000,0.000000,0.000000,0.000000,0.000000,48.812650,400.000000,0.000000,0.000000,0.000000,0.000000
31.100000,937.291492,0.000000,0.000000,32.760390,0.000000,0.000000,0.000000,0.000000,0.000000,48.812650,400.000000,0.000000,0.000000,0.000000,0.000000
31.200000,940.566262,0.000000,0.000000,32.737312,0.000000,0.000000,0.000000,0.000000,0.000000,48.812650,400.000000,0.000000,0.000000,0.000000,0.000000
31.300000,943.838725,0.000000,0.000000,32.714264,0.000000,0.000000,0.000000,0.000000,0.000000,48.812650,400.000000,0.000000,0.000000,0.000000,0.000000
31.400000,947.108885,0.000000,0.000000,32.691245,0.000000,0.000000,0.000000,0.000000,0.000000,48.812650,400.000000,0.000000,0.000000,0.000000,0.000000
31.500000,950.376745,0.000000,0.000000,32.668256,0.000000,0.000000,0.000000,0.000000,0.000000,48.812650,400.000000,0.000000,0.000000,0.000000,0.000000
31.600000,953.642308,0.000000,0.000000,32.645295,0.000000,0.000000,0.000000,0.000000,0.000000,48.812650,400.000000,0.000000,0.000000,0.000000,0.000000
31.700000,956.905576,0.000000,0.000000,32.622364,0.000000,0.000000,0.000000,0.000000,0.000000,48.812650,400.000000,0.000000,0.000000,0.000000,0.000000
31.800000,960.166552,0.000000,0.000000,32.599461,0.000000,0.000000,0.000000,0.000000,0.000000,48.812650,400.000000,0.000000,0.000000,0.000000,0.000000
31.900000,963.425240,0.000000,0.000000,32.576588,0.000000,0.000000,0.000000,0.000000,0.000000,48.812650,400.000000,0.000000,0.000000,0.000000,0.000000
32.000000,966.681642,0.000000,0.000000,32.553744,0.000000,0.000000,0.000000,0.000000,0.000000,48.812650,400.000000,0.000000,0.000000,0.000000,0.000000
32.100000,969.935762,0.000000,0.000000,32.530928,0.000000,0.000000,0.000000,0.000000,0.000000,48.812650,400.000000,0.000000,0.000000,0.000000,0.000000
32.200000,973.187601,0.000000,0.000000,32.508142,0.000000,0.000000,0.000000,0.000000,0.000000,48.812650,400.000000,0.000000,0.000000,0.000000,0.000000
32.300000,976.437163,0.000000,0.000000,32.485384,0.000000,0.000000,0.000000,0.000000,0.000000,48.812650,400.000000,0.000000,0.000000,0.000000,0.000000
32.400000,979.684451,0.000000,0.000000,32.462655,0.000000,0.000000,0.000000,0.000000,0.000000,48.812650,400.000000,0.000000,0.000000,0.000000,0.000000
32.500000,982.929468,0.000000,0.000000,32.439955,0.000000,0.000000,0.000000,0.000000,0.000000,48.812650,400.000000,0.000000,0.000000,0.000000,0.000000
32.600000,986.172216,0.000000,0.000000,32.417283,0.000000,0.000000,0.000000,0.000000,0.000000,48.812650,400.000000,0.000000,0.000000,0.000000,0.000000
32.700000,989.412699,0.000000,0.000000,32.394640,0.000000,0.000000,0.000000,0.000000,0.000000,48.812650,400.000000,0.000000,0.000000,0.000000,0.000000
32.800000,992.650919,0.000000,0.000000,32.372025,0.000000,0.000000,0.000000,0.000000,0.000000,48.812650,400.000000,0.000000,0.000000,0.000000,0.000000
32.900000,995.886879,0.000000,0.000000,32.349439,0.000000,0.000000,0.000000,0.000000,0.000000,48.812650,400.000000,0.000000,0.000000,0.000000,0.000000
33.000000,999.120582,0.000000,0.000000,32.326881,0.000000,0.000000,0.000000,0.000000,0.000000,48.812650,400.000000,0.000000,0.000000,0.000000,0.000000
33.100000,1002.352031,0.000000,0.000000,32.304352,0.000000,0.000000,0.000000,0.000000,0.000000,48.812650,400.000000,0.000000,0.000000,0.000000,0.000000
33.200000,1005.581228,0.000000,0.000000,32.281851,0.000000,0.000000,0.000000,0.000000,0.000000,48.812650,400.000000,0.000000,0.000000,0.000000,0.000000
33.300000,1008.808177,0.000000,0.000000,32.259378,0.000000,0.000000,0.000000,0.000000,0.000000,48.812650,400.000000,0.000000,0.000000,0.000000,0.000000
33.400000,1012.032880,0.000000,0.000000,32.236933,0.000000,0.000000,0.000000,0.000000,0.000000,48.812650,400.000000,0.000000,0.000000,0.000000,0.000000
33.500000,1015.255340,0.000000,0.000000,32.214516,0.000000,0.000000,0.000000,0.000000,0.000000,48.812650,400.000000,0.000000,0.000000,0.000000,0.000000
33.600000,1018.475560,0.000000,0.000000,32.192128,0.000000,0.000000,0.000000,0.000000,0.000000,48.812650,400.000000,0.000000,0.000000,0.000000,0.000000
33.700000,1021.693543,0.000000,0.000000,32.169767,0.000000,0.000000,0.000000,0.000000,0.000000,48.812650,400.000000,0.000000,0.000000,0.000000,0.000000
33.800000,1024.909291,0.000000,0.000000,32.147435,0.000000,0.000000,0.000000,0.000000,0.000000,48.812650,400.000000,0.000000,0.000000,0.000000,0.000000
33.900000,1028.122808,0.000000,0.000000,32.125130,0.000000,0.000000,0.000000,0.000000,0.000000,48.812650,400.000000,0.000000,0.000000,0.000000,0.000000
34.000000,1031.334095,0.000000,0.000000,32.102853,0.000000,0.000000,0.000000,0.000000,0.000000,48.812650,400.000000,0.000000,0.000000,0.000000,0.000000
34.100000,1034.543156,0.000000,0.000000,32.080604,0.000000,0.000000,0.000000,0.000000,0.000000,48.812650,400.000000,0.000000,0.000000,0.000000,0.000000
34.200000,1037.749994,0.000000,0.000000,32.058383,0.000000,0.000000,0.000000,0.000000,0.000000,48.812650,400.000000,0.000000,0.000000,0.000000,0.000000
34.300000,1040.954612,0.000000,0.000000,32.036189,0.000000,0.000000,0.000000,0.000000,0.000000,48.812650,400.000000,0.000000,0.000000,0.000000,0.000000
34.400000,1044.157011,0.000000,0.000000,32.014023,0.000000,0.000000,0.000000,0.000000,0.000000,48.812650,400.000000,0.000000,0.000000,0.000000,0.000000
34.500000,1047.357196,0.000000,0.000000,31.991885,0.000000,0.000000,0.000000,0.000000,0.000000,48.812650,400.000000,0.000000,0.000000,0.000000,0.000000
34.600000,1050.555168,0.000000,0.000000,31.969774,0.000000,0.000000,0.000000,0.000000,0.000000,48.812650,400.000000,0.000000,0.000000,0.000000,0.000000
34.700000,1053.750931,0.000000,0.000000,31.947691,0.000000,0.000000,0.000000,0.000000,0.000000,48.812650,400.000000,0.000000,0.000000,0.000000,0.000000
34.800000,1056.944486,0.000000,0.000000,31.925635,0.000000,0.000000,0.000000,0.000000,0.000000,48.812650,400.000000,0.000000,0.000000,0.000000,0.000000
34.900000,1060.135838,0.000000,0.000000,31.903606,0.000000,0.000000,0.000000,0.000000,0.000000,48.812650,400.000000,0.000000,0.000000,0.000000,0.000000
35.000000,1063.324988,0.000000,0.000000,31.881605,0.000000,0.000000,0.000000,0.000000,0.000000,48.812650,400.000000,0.000000,0.000000,0.000000,0.000000
35.100000,1066.511940,0.000000,0.000000,31.859631,0.000000,0.000000,0.000000,0.000000,0.000000,48.812650,400.000000,0.000000,0.000000,0.000000,0.000000
35.200000,1069.696696,0.000000,0.000000,31.837684,0.000000,0.000000,0.000000,0.000000,0.000000,48.812650,400.000000,0.000000,0.000000,0.000000,0.000000
35.300000,1072.879258,0.000000,0.000000,31.815764,0.000000,0.000000,0.000000,0.000000,0.000000,48.812650,400.000000,0.000000,0.000000,0.000000,0.000000
35.400000,1076.059630,0.000000,0.000000,31.793872,0.000000,0.000000,0.000000,0.000000,0.000000,48.812650,400.000000,0.000000,0.000000,0.000000,0.000000
35.500000,1079.237815,0.000000,0.000000,31.772006,0.000000,0.000000,0.000000,0.000000,0.000000,48.812650,400.000000,0.000000,0.000000,0.000000,0.000000
35.600000,1082.413814,0.000000,0.000000,31.750168,0.000000,0.000000,0.000000,0.000000,0.000000,48.812650,400.000000,0.000000,0.000000,0.000000,0.000000
35.700000,1085.587631,0.000000,0.000000,31.728356,0.000000,0.000000,0.000000,0.000000,0.000000,48.812650,400.000000,0.000000,0.000000,0.000000,0.000000
35.800000,1088.759268,0.000000,0.000000,31.706572,0.000000,0.000000,0.000000,0.000000,0.000000,48.812650,400.000000,0.000000,0.000000,0.000000,0.000000
35.900000,1091.928729,0.000000,0.000000,31.684814,0.000000,0.000000,0.000000,0.000000,0.000000,48.812650,400.000000,0.000000,0.000000,0.000000,0.000000
36.000000,1095.096015,0.000000,0.000000,31.663083,0.000000,0.000000,0.000000,0.000000,0.000000,48.812650,400.000000,0.000000,0.000000,0.000000,0.000000
36.100000,1098.261129,0.000000,0.000000,31.641379,0.000000,0.000000,0.000000,0.000000,0.000000,48.812650,400.000000,0.000000,0.000000,0.000000,0.000000
36.200000,1101.424074,0.000000,0.000000,31.619701,0.000000,0.000000,0.000000,0.000000,0.000000,48.812650,400.000000,0.000000,0.000000,0.000000,0.000000
36.300000,1104.584853,0.000000,0.000000,31.598050,0.000000,0.000000,0.000000,0.000000,0.000000,48.812650,400.000000,0.000000,0.000000,0.000000,0.000000
36.400000,1107.743469,0.000000,0.000000,31.576426,0.000000,0.000000,0.000000,0.000000,0.000000,48.812650,400.000000,0.000000,0.000000,0.000000,0.000000
36.500000,1110.899923,0.000000,0.000000,31.554828,0.000000,0.000000,0.000000,0.000000,0.000000,48.812650,400.000000,0.000000,0.000000,0.000000,0.000000
36.600000,1114.054219,0.000000,0.000000,31.533257,0.000000,0.000000,0.000000,0.000000,0.000000,48.812650,400.000000,0.000000,0.000000,0.000000,0.000000
36.700000,1117.206360,0.000000,0.000000,31.511712,0.000000,0.000000,0.000000,0.000000,0.000000,48.812650,400.000000,0.000000,0.000000,0.000000,0.000000
36.800000,1120.356347,0.000000,0.000000,31.490194,0.000000,0.000000,0.000000,0.000000,0.000000,48.812650,400.000000,0.000000,0.000000,0.000000,0.000000
36.900000,1123.504184,0.000000,0.000000,31.468701,0.000000,0.000000,0.000000,0.000000,0.000000,48.812650,400.000000,0.000000,0.000000,0.000000,0.000000
37.000000,1126.649874,0.000000,0.000000,31.447236,0.000000,0.000000,0.000000,0.000000,0.000000,48.812650,400.000000,0.000000,0.000000,0.000000,0.000000
37.100000,1129.793418,0.000000,0.000000,31.425796,0.000000,0.000000,0.000000,0.000000,0.000000,48.812650,400.000000,0.000000,0.000000,0.000000,0.000000
37.200000,1132.934820,0.000000,0.000000,31.404383,0.000000,0.000000,0.000000,0.000000,0.000000,48.812650,400.000000,0.000000,0.000000,0.000000,0.000000
37.300000,1136.074081,0.000000,0.000000,31.382995,0.000000,0.000000,0.000000,0.000000,0.000000,48.812650,400.000000,0.000000,0.000000,0.000000,0.000000
37.400000,1139.211206,0.000000,0.000000,31.361634,0.000000,0.000000,0.000000,0.000000,0.000000,48.812650,400.000000,0.000000,0.000000,0.000000,0.000000
37.500000,1142.346196,0.000000,0.000000,31.340299,0.000000,0.000000,0.000000,0.000000,0.000000,48.812650,400.000000,0.000000,0.000000,0.000000,0.000000
37.600000,1145.479053,0.000000,0.000000,31.318990,0.000000,0.000000,0.000000,0.000000,0.000000,48.812650,400.000000,0.000000,0.000000,0.000000,0.000000
37.700000,1148.609781,0.000000,0.000000,31.297707,0.000000,0.000000,0.000000,0.000000,0.000000,48.812650,400.000000,0.000000,0.000000,0.000000,0.000000
37.800000,1151.738383,0.000000,0.000000,31.276449,0.000000,0.000000,0.000000,0.000000,0.000000,48.812650,400.000000,0.000000,0.000000,0.000000,0.000000
37.900000,1154.864860,0.000000,0.000000,31.255218,0.000000,0.000000,0.000000,0.000000,0.000000,48.812650,400.000000,0.000000,0.000000,0.000000,0.000000
38.000000,1157.989215,0.000000,0.000000,31.234012,0.000000,0.000000,0.000000,0.000000,0.000000,48.812650,400.000000,0.000000,0.000000,0.000000,0.000000
38.100000,1161.111451,0.000000,0.000000,31.212832,0.000000,0.000000,0.000000,0.000000,0.000000,48.812650,400.000000,0.000000,0.000000,0.000000,0.000000
38.200000,1164.231571,0.000000,0.000000,31.191678,0.000000,0.000000,0.000000,0.000000,0.000000,48.812650,400.000000,0.000000,0.000000,0.000000,0.000000
38.300000,1167.349576,0.000000,0.000000,31.170549,0.000000,0.000000,0.000000,0.000000,0.000000,48.812650,400.000000,0.000000,0.000000,0.000000,0.000000
38.400000,1170.465470,0.000000,0.000000,31.149446,0.000000,0.000000,0.000000,0.000000,0.000000,48.812650,400.000000,0.000000,0.000000,0.000000,0.000000
38.500000,1173.579255,0.000000,0.000000,31.128369,0.000000,0.000000,0.000000,0.000000,0.000000,48.812650,400.000000,0.000000,0.000000,0.000000,0.000000
38.600000,1176.690934,0.000000,0.000000,31.107317,0.000000,0.000000,0.000000,0.000000,0.000000,48.812650,400.000000,0.000000,0.000000,0.000000,0.000000
38.700000,1179.800509,0.000000,0.000000,31.086291,0.000000,0.000000,0.000000,0.000000,0.000000,48.812650,400.000000,0.000000,0.000000,0.000000,0.000000
38.800000,1182.907983,0.000000,0.000000,31.065289,0.000000,0.000000,0.000000,0.000000,0.000000,48.812650,400.000000,0.000000,0.000000,0.000000,0.000000
38.900000,1186.013358,0.000000,0.000000,31.044314,0.000000,0.000000,0.000000,0.000000,0.000000,48.812650,400.000000,0.000000,0.000000,0.000000,0.000000
39.000000,1189.116637,0.000000,0.000000,31.023363,0.000000,0.000000,0.000000,0.000000,0.000000,48.812650,400.000000,0.000000,0.000000,0.000000,0.000000
39.100000,1192.217822,0.000000,0.000000,31.002438,0.000000,0.000000,0.000000,0.000000,0.000000,48.812650,400.000000,0.000000,0.000000,0.000000,0.000000
39.200000,1195.316916,0.000000,0.000000,30.981538,0.000000,0.000000,0.000000,0.000000,0.000000,48.812650,400.000000,0.000000,0.000000,0.000000,0.000000
39.300000,1198.413922,0.000000,0.000000,30.960663,0.000000,0.000000,0.000000,0.000000,0.000000,48.812650,400.000000,0.000000,0.000000,0.000000,0.000000
39.400000,1201.508841,0.000000,0.000000,30.939814,0.000000,0.000000,0.000000,0.000000,0.000000,48.812650,400.000000,0.000000,0.000000,0.000000,0.000000
39.500000,1204.601677,0.000000,0.000000,30.918989,0.000000,0.000000,0.000000,0.000000,0.000000,48.812650,400.000000,0.000000,0.000000,0.000000,0.000000
39.600000,1207.692432,0.000000,0.000000,30.898190,0.000000,0.000000,0.000000,0.000000,0.000000,48.812650,400.000000,0.000000,0.000000,0.000000,0.000000
39.700000,1210.781108,0.000000,0.000000,30.877415,0.000000,0.000000,0.000000,0.000000,0.000000,48.812650,400.000000,0.000000,0.000000,0.000000,0.000000
39.800000,1213.867708,0.000000,0.000000,30.856666,0.000000,0.000000,0.000000,0.000000,0.000000,48.812650,400.000000,0.000000,0.000000,0.000000,0.000000
39.900000,1216.952235,0.000000,0.000000,30.835941,0.000000,0.000000,0.000000,0.000000,0.000000,48.812650,400.000000,0.000000,0.000000,0.000000,0.000000
40.000000,1220.034690,0.000000,0.000000,30.815241,0.000000,0.000000,0.000000,0.000000,0.000000,48.812650,400.000000,0.000000,0.000000,0.000000,0.000000
40.100000,1223.115077,0.000000,0.000000,30.794566,0.000000,0.000000,0.000000,0.000000,0.000000,48.812650,400.000000,0.000000,0.000000,0.000000,0.000000
40.200000,1226.193397,0.000000,0.000000,30.773915,0.000000,0.000000,0.000000,0.000000,0.000000,48.812650,400.000000,0.000000,0.000000,0.000000,0.000000
40.300000,1229.269654,0.000000,0.000000,30.753290,0.000000,0.000000,0.000000,0.000000,0.000000,48.812650,400.000000,0.000000,0.000000,0.000000,0.000000
40.400000,1232.343850,0.000000,0.000000,30.732689,0.000000,0.000000,0.000000,0.000000,0.000000,48.812650,400.000000,0.000000,0.000000,0.000000,0.000000
40.500000,1235.415987,0.000000,0.000000,30.712112,0.000000,0.000000,0.000000,0.000000,0.000000,48.812650,400.000000,0.000000,0.000000,0.000000,0.000000
40.600000,1238.486068,0.000000,0.000000,30.691560,0.000000,0.000000,0.000000,0.000000,0.000000,48.812650,400.000000,0.000000,0.000000,0.000000,0.000000
40.700000,1241.554094,0.000000,0.000000,30.671033,0.000000,0.000000,0.000000,0.000000,0.000000,48.812650,400.000000,0.000000,0.000000,0.000000,0.000000
40.800000,1244.620070,0.000000,0.000000,30.650530,0.000000,0.000000,0.000000,0.000000,0.000000,48.812650,400.000000,0.000000,0.000000,0.000000,0.000000
40.900000,1247.683996,0.000000,0.000000,30.630052,0.000000,0.000000,0.000000,0.000000,0.000000,48.812650,400.000000,0.000000,0.000000,0.000000,0.000000
41.000000,1250.745876,0.000000,0.000000,30.609598,0.000000,0.000000,0.000000,0.000000,0.000000,48.812650,400.000000,0.000000,0.000000,0.000000,0.000000
41.100000,1253.805712,0.000000,0.000000,30.589168,0.000000,0.000000,0.000000,0.000000,0.000000,48.812650,400.000000,0.000000,0.000000,0.000000,0.000000
41.200000,1256.863507,0.000000,0.000000,30.568763,0.000000,0.000000,0.000000,0.000000,0.000000,48.812650,400.000000,0.000000,0.000000,0.000000,0.000000
41.300000,1259.919262,0.000000,0.000000,30.548382,0.000000,0.000000,0.000000,0.000000,0.000000,48.812650,400.000000,0.000000,0.000000,0.000000,0.000000
41.400000,1262.972980,0.000000,0.000000,30.528025,0.000000,0.000000,0.000000,0.000000,0.000000,48.812650,400.000000,0.000000,0.000000,0.000000,0.000000
41.510000,1266.329721,0.000000,0.000000,30.505660,0.000000,0.000000,0.000000,0.000000,0.000000,48.812650,400.000000,0.000000,0.000000,0.000000,0.000000
41.610000,1269.379170,0.000000,0.000000,30.485354,0.000000,0.000000,0.000000,0.000000,0.000000,48.812650,400.000000,0.000000,0.000000,0.000000,0.000000
41.710000,1272.426589,0.000000,0.000000,30.465071,0.000000,0.000000,0.000000,0.000000,0.000000,48.812650,400.000000,0.000000,0.000000,0.000000,0.000000
41.810000,1275.471982,0.000000,0.000000,30.444813,0.000000,0.000000,0.000000,0.000000,0.000000,48.812650,400.000000,0.000000,0.000000,0.000000,0.000000
41.910000,1278.515350,0.000000,0.000000,30.424579,0.000000,0.000000,0.000000,0.000000,0.000000,48.812650,400.000000,0.000000,0.000000,0.000000,0.000000
42.010000,1281.556696,0.000000,0.000000,30.404369,0.000000,0.000000,0.000000,0.000000,0.000000,48.812650,400.000000,0.000000,0.000000,0.000000,0.000000
42.110000,1284.596023,0.000000,0.000000,30.384182,0.000000,0.000000,0.000000,0.000000,0.000000,48.812650,400.000000,0.000000,0.000000,0.000000,0.000000
42.210000,1287.633332,0.000000,0.000000,30.364020,0.000000,0.000000,0.000000,0.000000,0.000000,48.812650,400.000000,0.000000,0.000000,0.000000,0.000000
42.310000,1290.668626,0.000000,0.000000,30.343881,0.000000,0.000000,0.000000,0.000000,0.000000,48.812650,400.000000,0.000000,0.000000,0.000000,0.000000
42.410000,1293.701907,0.000000,0.000000,30.323766,0.000000,0.000000,0.000000,0.000000,0.000000,48.812650,400.000000,0.000000,0.000000,0.000000,0.000000
42.510000,1296.733179,0.000000,0.000000,30.303674,0.000000,0.000000,0.000000,0.000000,0.000000,48.812650,400.000000,0.000000,0.000000,0.000000,0.000000
42.610000,1299.762442,0.000000,0.000000,30.283607,0.000000,0.000000,0.000000,0.000000,0.000000,48.812650,400.000000,0.000000,0.000000,0.000000,0.000000
42.710000,1302.789700,0.000000,0.000000,30.263563,0.000000,0.000000,0.000000,0.000000,0.000000,48.812650,400.000000,0.000000,0.000000,0.000000,0.000000
42.810000,1305.814955,0.000000,0.000000,30.243542,0.000000,0.000000,0.000000,0.000000,0.000000,48.812650,400.000000,0.000000,0.000000,0.000000,0.000000
42.910000,1308.838210,0.000000,0.000000,30.223545,0.000000,0.000000,0.000000,0.000000,0.000000,48.812650,400.000000,0.000000,0.000000,0.000000,0.000000
43.010000,1311.859465,0.000000,0.000000,30.203572,0.000000,0.000000,0.000000,0.000000,0.000000,48.812650,400.000000,0.000000,0.000000,0.000000,0.000000
43.110000,1314.878725,0.000000,0.000000,30.183622,0.000000,0.000000,0.000000,0.000000,0.000000,48.812650,400.000000,0.000000,0.000000,0.000000,0.000000
43.210000,1317.895991,0.000000,0.000000,30.163695,0.000000,0.000000,0.000000,0.000000,0.000000,48.812650,400.000000,0.000000,0.000000,0.000000,0.000000
43.310000,1320.911266,0.000000,0.000000,30.143792,0.000000,0.000000,0.000000,0.000000,0.000000,48.812650,400.000000,0.000000,0.000000,0.000000,0.000000
43.410000,1323.924551,0.000000,0.000000,30.123912,0.000000,0.000000,0.000000,0.000000,0.000000,48.812650,400.000000,0.000000,0.000000,0.000000,0.000000
43.510000,1326.935850,0.000000,0.000000,30.104056,0.000000,0.000000,0.000000,0.000000,0.000000,48.812650,400.000000,0.000000,0.000000,0.000000,0.000000
43.610000,1329.945165,0.000000,0.000000,30.084222,0.000000,0.000000,0.000000,0.000000,0.000000,48.812650,400.000000,0.000000,0.000000,0.000000,0.000000
43.710000,1332.952497,0.000000,0.000000,30.064412,0.000000,0.000000,0.000000,0.000000,0.000000,48.812650,400.000000,0.000000,0.000000,0.000000,0.000000
43.810000,1335.957850,0.000000,0.000000,30.044625,0.000000,0.000000,0.000000,0.000000,0.000000,48.812650,400.000000,0.000000,0.000000,0.000000,0.000000
43.910000,1338.961225,0.000000,0.000000,30.024861,0.000000,0.000000,0.000000,0.000000,0.000000,48.812650,400.000000,0.000000,0.000000,0.000000,0.000000
44.010000,1341.962626,0.000000,0.000000,30.005120,0.000000,0.000000,0.000000,0.000000,0.000000,48.812650,400.000000,0.000000,0.000000,0.000000,0.000000
44.110000,1344.962053,0.000000,0.000000,29.985402,0.000000,0.000000,0.000000,0.000000,0.000000,48.812650,400.000000,0.000000,0.000000,0.000000,0.000000
44.210000,1347.959510,0.000000,0.000000,29.965708,0.000000,0.000000,0.000000,0.000000,0.000000,48.812650,400.000000,0.000000,0.000000,0.000000,0.000000
44.310000,1350.954998,0.000000,0.000000,29.946036,0.000000,0.000000,0.000000,0.000000,0.000000,48.812650,400.000000,0.000000,0.000000,0.000000,0.000000
44.410000,1353.948521,0.000000,0.000000,29.926387,0.000000,0.000000,0.000000,0.000000,0.000000,48.812650,400.000000,0.000000,0.000000,0.000000,0.000000
44.510000,1356.940080,0.000000,0.000000,29.906760,0.000000,0.000000,0.000000,0.000000,0.000000,48.812650,400.000000,0.000000,0.000000,0.000000,0.000000
44.610000,1359.929678,0.000000,0.000000,29.887157,0.000000,0.000000,0.000000,0.000000,0.000000,48.812650,400.000000,0.000000,0.000000,0.000000,0.000000
44.710000,1362.917316,0.000000,0.000000,29.867576,0.000000,0.000000,0.000000,0.000000,0.000000,48.812650,400.000000,0.000000,0.000000,0.000000,0.000000
44.810000,1365.902998,0.000000,0.000000,29.848019,0.000000,0.000000,0.000000,0.000000,0.000000,48.812650,400.000000,0.000000,0.000000,0.000000,0.000000
44.910000,1368.886725,0.000000,0.000000,29.828483,0.000000,0.000000,0.000000,0.000000,0.000000,48.812650,400.000000,0.000000,0.000000,0.000000,0.000000
45.010000,1371.868500,0.000000,0.000000,29.808971,0.000000,0.000000,0.000000,0.000000,0.000000,48.812650,400.000000,0.000000,0.000000,0.000000,0.000000
45.110000,1374.848325,0.000000,0.000000,29.789481,0.000000,0.000000,0.000000,0.000000,0.000000,48.812650,400.000000,0.000000,0.000000,0.000000,0.000000
45.210000,1377.826203,0.000000,0.000000,29.770014,0.000000,0.000000,0.000000,0.000000,0.000000,48.812650,400.000000,0.000000,0.000000,0.000000,0.000000
45.310000,1380.802134,0.000000,0.000000,29.750569,0.000000,0.000000,0.000000,0.000000,0.000000,48.812650,400.000000,0.000000,0.000000,0.000000,0.000000
45.410000,1383.776123,0.000000,0.000000,29.731147,0.000000,0.000000,0.000000,0.000000,0.000000,48.812650,400.000000,0.000000,0.000000,0.000000,0.000000
45.510000,1386.748170,0.000000,0.000000,29.711747,0.000000,0.000000,0.000000,0.000000,0.000000,48.812650,400.000000,0.000000,0.000000,0.000000,0.000000
45.610000,1389.718279,0.000000,0.000000,29.692369,0.000000,0.000000,0.000000,0.000000,0.000000,48.812650,400.000000,0.000000,0.000000,0.000000,0.000000
45.710000,1392.686451,0.000000,0.000000,29.673014,0.000000,0.000000,0.000000,0.000000,0.000000,48.812650,400.000000,0.000000,0.000000,0.000000,0.000000
45.810000,1395.652689,0.000000,0.000000,29.653681,0.000000,0.000000,0.000000,0.000000,0.000000,48.812650,400.000000,0.000000,0.000000,0.000000,0.000000
45.910000,1398.616995,0.000000,0.000000,29.634371,0.000000,0.000000,0.000000,0.000000,0.000000,48.812650,400.000000,0.000000,0.000000,0.000000,0.000000
46.010000,1401.579371,0.000000,0.000000,29.615083,0.000000,0.000000,0.000000,0.000000,0.000000,48.812650,400.000000,0.000000,0.000000,0.000000,0.000000
46.110000,1404.539819,0.000000,0.000000,29.595817,0.000000,0.000000,0.000000,0.000000,0.000000,48.812650,400.000000,0.000000,0.000000,0.000000,0.000000
46.210000,1407.498343,0.000000,0.000000,29.576573,0.000000,0.000000,0.000000,0.000000,0.000000,48.812650,400.000000,0.000000,0.000000,0.000000,0.000000
46.310000,1410.454942,0.000000,0.000000,29.557351,0.000000,0.000000,0.000000,0.000000,0.000000,48.812650,400.000000,0.000000,0.000000,0.000000,0.000000
46.410000,1413.409621,0.000000,0.000000,29.538151,0.000000,0.000000,0.000000,0.000000,0.000000,48.812650,400.000000,0.000000,0.000000,0.000000,0.000000
46.510000,1416.362382,0.000000,0.000000,29.518974,0.000000,0.000000,0.000000,0.000000,0.000000,48.812650,400.000000,0.000000,0.000000,0.000000,0.000000
46.610000,1419.313225,0.000000,0.000000,29.499818,0.000000,0.000000,0.000000,0.000000,0.000000,48.812650,400.000000,0.000000,0.000000,0.000000,0.000000
46.710000,1422.262154,0.000000,0.000000,29.480684,0.000000,0.000000,0.000000,0.000000,0.000000,48.812650,400.000000,0.000000,0.000000,0.000000,0.000000
46.810000,1425.209172,0.000000,0.000000,29.461573,0.000000,0.000000,0.000000,0.000000,0.000000,48.812650,400.000000,0.000000,0.000000,0.000000,0.000000
46.910000,1428.154279,0.000000,0.000000,29.442483,0.000000,0.000000,0.000000,0.000000,0.000000,48.812650,400.000000,0.000000,0.000000,0.000000,0.000000
47.010000,1431.097478,0.000000,0.000000,29.423415,0.000000,0.000000,0.000000,0.000000,0.000000,48.812650,400.000000,0.000000,0.000000,0.000000,0.000000
47.110000,1434.038772,0.000000,0.000000,29.404369,0.000000,0.000000,0.000000,0.000000,0.000000,48.812650,400.000000,0.000000,0.000000,0.000000,0.000000
47.210000,1436.978162,0.000000,0.000000,29.385344,0.000000,0.000000,0.000000,0.000000,0.000000,48.812650,400.000000,0.000000,0.000000,0.000000,0.000000
47.310000,1439.915651,0.000000,0.000000,29.366341,0.000000,0.000000,0.000000,0.000000,0.000000,48.812650,400.000000,0.000000,0.000000,0.000000,0.000000
47.410000,1442.851241,0.000000,0.000000,29.347360,0.000000,0.000000,0.000000,0.000000,0.000000,48.812650,400.000000,0.000000,0.000000,0.000000,0.000000
47.510000,1445.784934,0.000000,0.000000,29.328401,0.000000,0.000000,0.000000,0.000000,0.000000,48.812650,400.000000,0.000000,0.000000,0.000000,0.000000
47.610000,1448.716733,0.000000,0.000000,29.309463,0.000000,0.000000,0.000000,0.000000,0.000000,48.812650,400.000000,0.000000,0.000000,0.000000,0.000000
47.710000,1451.646638,0.000000,0.000000,29.290547,0.000000,0.000000,0.000000,0.000000,0.000000,48.812650,400.000000,0.000000,0.000000,0.000000,0.000000
47.810000,1454.574654,0.000000,0.000000,29.271653,0.000000,0.000000,0.000000,0.000000,0.000000,48.812650,400.000000,0.000000,0.000000,0.000000,0.000000
47.910000,1457.500781,0.000000,0.000000,29.252779,0.000000,0.000000,0.000000,0.000000,0.000000,48.812650,400.000000,0.000000,0.000000,0.000000,0.000000
48.010000,1460.425022,0.000000,0.000000,29.233928,0.000000,0.000000,0.000000,0.000000,0.000000,48.812650,400.000000,0.000000,0.000000,0.000000,0.000000
48.110000,1463.347379,0.000000,0.000000,29.215097,0.000000,0.000000,0.000000,0.000000,0.000000,48.812650,400.000000,0.000000,0.000000,0.000000,0.000000
48.210000,1466.267854,0.000000,0.000000,29.196289,0.000000,0.000000,0.000000,0.000000,0.000000,48.812650,400.000000,0.000000,0.000000,0.000000,0.000000
48.310000,1469.186449,0.000000,0.000000,29.177501,0.000000,0.000000,0.000000,0.000000,0.000000,48.812650,400.000000,0.000000,0.000000,0.000000,0.000000
48.410000,1472.103167,0.000000,0.000000,29.158735,0.000000,0.000000,0.000000,0.000000,0.000000,48.812650,400.000000,0.000000,0.000000,0.000000,0.000000
48.510000,1475.018009,0.000000,0.000000,29.139990,0.000000,0.000000,0.000000,0.000000,0.000000,48.812650,400.000000,0.000000,0.000000,0.000000,0.000000
48.610000,1477.930978,0.000000,0.000000,29.121266,0.000000,0.000000,0.000000,0.000000,0.000000,48.812650,400.000000,0.000000,0.000000,0.000000,0.000000
48.710000,1480.842076,0.000000,0.000000,29.102564,0.000000,0.000000,0.000000,0.000000,0.000000,48.812650,400.000000,0.000000,0.000000,0.000000,0.000000
48.810000,1483.751305,0.000000,0.000000,29.083882,0.000000,0.000000,0.000000,0.000000,0.000000,48.812650,400.000000,0.000000,0.000000,0.000000,0.000000
48.910000,1486.658667,0.000000,0.000000,29.065222,0.000000,0.000000,0.000000,0.000000,0.000000,48.812650,400.000000,0.000000,0.000000,0.000000,0.000000
49.010000,1489.564164,0.000000,0.000000,29.046583,0.000000,0.000000,0.000000,0.000000,0.000000,48.812650,400.000000,0.000000,0.000000,0.000000,0.000000
49.110000,1492.467798,0.000000,0.000000,29.027965,0.000000,0.000000,0.000000,0.000000,0.000000,48.812650,400.000000,0.000000,0.000000,0.000000,0.000000
49.210000,1495.369571,0.000000,0.000000,29.009368,0.000000,0.000000,0.000000,0.000000,0.000000,48.812650,400.000000,0.000000,0.000000,0.000000,0.000000
49.310000,1498.269486,0.000000,0.000000,28.990792,0.000000,0.000000,0.000000,0.000000,0.000000,48.812650,400.000000,0.000000,0.000000,0.000000,0.000000
49.410000,1501.167544,0.000000,0.000000,28.972236,0.000000,0.000000,0.000000,0.000000,0.000000,48.812650,400.000000,0.000000,0.000000,0.000000,0.000000
49.510000,1504.063749,0.000000,0.000000,28.953702,0.000000,0.000000,0.000000,0.000000,0.000000,48.812650,400.000000,0.000000,0.000000,0.000000,0.000000
49.610000,1506.958100,0.000000,0.000000,28.935189,0.000000,0.000000,0.000000,0.000000,0.000000,48.812650,400.000000,0.000000,0.000000,0.000000,0.000000
49.710000,1509.850602,0.000000,0.000000,28.916696,0.000000,0.000000,0.000000,0.000000,0.000000,48.812650,400.000000,0.000000,0.000000,0.000000,0.000000
49.810000,1512.741255,0.000000,0.000000,28.898224,0.000000,0.000000,0.000000,0.000000,0.000000,48.812650,400.000000,0.000000,0.000000,0.000000,0.000000
49.910000,1515.630063,0.000000,0.000000,28.879773,0.000000,0.000000,0.000000,0.000000,0.000000,48.812650,400.000000,0.000000,0.000000,0.000000,0.000000
50.010000,1518.517026,0.000000,0.000000,28.861343,0.000000,0.000000,0.000000,0.000000,0.000000,48.812650,400.000000,0.000000,0.000000,0.000000,0.000000
50.110000,1521.402148,0.000000,0.000000,28.842933,0.000000,0.000000,0.000000,0.000000,0.000000,48.812650,400.000000,0.000000,0.000000,0.000000,0.000000
50.210000,1524.285430,0.000000,0.000000,28.824544,0.000000,0.000000,0.000000,0.000000,0.000000,48.812650,400.000000,0.000000,0.000000,0.000000,0.000000
50.310000,1527.166874,0.000000,0.000000,28.806176,0.000000,0.000000,0.000000,0.000000,0.000000,48.812650,400.000000,0.000000,0.000000,0.000000,0.000000
50.410000,1530.046482,0.000000,0.000000,28.787828,0.000000,0.000000,0.000000,0.000000,0.000000,48.812650,400.000000,0.000000,0.000000,0.000000,0.000000
50.510000,1532.924256,0.000000,0.000000,28.769500,0.000000,0.000000,0.000000,0.000000,0.000000,48.812650,400.000000,0.000000,0.000000,0.000000,0.000000
50.610000,1535.800199,0.000000,0.000000,28.751193,0.000000,0.000000,0.000000,0.000000,0.000000,48.812650,400.000000,0.000000,0.000000,0.000000,0.000000
50.710000,1538.674313,0.000000,0.000000,28.732907,0.000000,0.000000,0.000000,0.000000,0.000000,48.812650,400.000000,0.000000,0.000000,0.000000,0.000000
50.810000,1541.546599,0.000000,0.000000,28.714641,0.000000,0.000000,0.000000,0.000000,0.000000,48.812650,400.000000,0.000000,0.000000,0.000000,0.000000
50.910000,1544.417059,0.000000,0.000000,28.696395,0.000000,0.000000,0.000000,0.000000,0.000000,48.812650,400.000000,0.000000,0.000000,0.000000,0.000000
51.010000,1547.285696,0.000000,0.000000,28.678170,0.000000,0.000000,0.000000,0.000000,0.000000,48.812650,400.000000,0.000000,0.000000,0.000000,0.000000
51.110000,1550.152512,0.000000,0.000000,28.659965,0.000000,0.000000,0.000000,0.000000,0.000000,48.812650,400.000000,0.000000,0.000000,0.000000,0.000000
51.210000,1553.017508,0.000000,0.000000,28.641781,0.000000,0.000000,0.000000,0.000000,0.000000,48.812650,400.000000,0.000000,0.000000,0.000000,0.000000
51.310000,1555.880687,0.000000,0.000000,28.623616,0.000000,0.000000,0.000000,0.000000,0.000000,48.812650,400.000000,0.000000,0.000000,0.000000,0.000000
51.410000,1558.742050,0.000000,0.000000,28.605472,0.000000,0.000000,0.000000,0.000000,0.000000,48.812650,400.000000,0.000000,0.000000,0.000000,0.000000
51.510000,1561.601601,0.000000,0.000000,28.587348,0.000000,0.000000,0.000000,0.000000,0.000000,48.812650,400.000000,0.000000,0.000000,0.000000,0.000000
51.610000,1564.459339,0.000000,0.000000,28.569244,0.000000,0.000000,0.000000,0.000000,0.000000,48.812650,400.000000,0.000000,0.000000,0.000000,0.000000
51.710000,1567.315269,0.000000,0.000000,28.551160,0.000000,0.000000,0.000000,0.000000,0.000000,48.812650,400.000000,0.000000,0.000000,0.000000,0.000000
51.810000,1570.169391,0.000000,0.000000,28.533097,0.000000,0.000000,0.000000,0.000000,0.000000,48.812650,400.000000,0.000000,0.000000,0.000000,0.000000
51.910000,1573.021709,0.000000,0.000000,28.515053,0.000000,0.000000,0.000000,0.000000,0.000000,48.812650,400.000000,0.000000,0.000000,0.000000,0.000000
52.010000,1575.872222,0.000000,0.000000,28.497029,0.000000,0.000000,0.000000,0.000000,0.000000,48.812650,400.000000,0.000000,0.000000,0.000000,0.000000
52.110000,1578.720935,0.000000,0.000000,28.479026,0.000000,0.000000,0.000000,0.000000,0.000000,48.812650,400.000000,0.000000,0.000000,0.000000,0.000000
52.210000,1581.567848,0.000000,0.000000,28.461042,0.000000,0.000000,0.000000,0.000000,0.000000,48.812650,400.000000,0.000000,0.000000,0.000000,0.000000
52.310000,1584.412964,0.000000,0.000000,28.443078,0.000000,0.000000,0.000000,0.000000,0.000000,48.812650,400.000000,0.000000,0.000000,0.000000,0.000000
52.410000,1587.256285,0.000000,0.000000,28.425134,0.000000,0.000000,0.000000,0.000000,0.000000,48.812650,400.000000,0.000000,0.000000,0.000000,0.000000
52.510000,1590.097812,0.000000,0.000000,28.407210,0.000000,0.000000,0.000000,0.000000,0.000000,48.812650,400.000000,0.000000,0.000000,0.000000,0.000000
52.610000,1592.937548,0.000000,0.000000,28.389305,0.000000,0.000000,0.000000,0.000000,0.000000,48.812650,400.000000,0.000000,0.000000,0.000000,0.000000
52.710000,1595.775495,0.000000,0.000000,28.371421,0.000000,0.000000,0.000000,0.000000,0.000000,48.812650,400.000000,0.000000,0.000000,0.000000,0.000000
52.810000,1598.611655,0.000000,0.000000,28.353556,0.000000,0.000000,0.000000,0.000000,0.000000,48.812650,400.000000,0.000000,0.000000,0.000000,0.000000
52.910000,1601.446028,0.000000,0.000000,28.335711,0.000000,0.000000,0.000000,0.000000,0.000000,48.812650,400.000000,0.000000,0.000000,0.000000,0.000000
53.010000,1604.278619,0.000000,0.000000,28.317885,0.000000,0.000000,0.000000,0.000000,0.000000,48.812650,400.000000,0.000000,0.000000,0.000000,0.000000
53.110000,1607.109428,0.000000,0.000000,28.300079,0.000000,0.000000,0.000000,0.000000,0.000000,48.812650,400.000000,0.000000,0.000000,0.000000,0.000000
53.210000,1609.938457,0.000000,0.000000,28.282293,0.000000,0.000000,0.000000,0.000000,0.000000,48.812650,400.000000,0.000000,0.000000,0.000000,0.000000
53.310000,1612.765709,0.000000,0.000000,28.264526,0.000000,0.000000,0.000000,0.000000,0.000000,48.812650,400.000000,0.000000,0.000000,0.000000,0.000000
53.410000,1615.591186,0.000000,0.000000,28.246779,0.000000,0.000000,0.000000,0.000000,0.000000,48.812650,400.000000,0.000000,0.000000,0.000000,0.000000
53.510000,1618.414888,0.000000,0.000000,28.229051,0.000000,0.000000,0.000000,0.000000,0.000000,48.812650,400.000000,0.000000,0.000000,0.000000,0.000000
53.610000,1621.236819,0.000000,0.000000,28.211342,0.000000,0.000000,0.000000,0.000000,0.000000,48.812650,400.000000,0.000000,0.000000,0.000000,0.000000
53.710000,1624.056981,0.000000,0.000000,28.193654,0.000000,0.000000,0.000000,0.000000,0.000000,48.812650,400.000000,0.000000,0.000000,0.000000,0.000000
53.810000,1626.875374,0.000000,0.000000,28.175984,0.000000,0.000000,0.000000,0.000000,0.000000,48.812650,400.000000,0.000000,0.000000,0.000000,0.000000
53.910000,1629.692001,0.000000,0.000000,28.158334,0.000000,0.000000,0.000000,0.000000,0.000000,48.812650,400.000000,0.000000,0.000000,0.000000,0.000000
54.010000,1632.506865,0.000000,0.000000,28.140703,0.000000,0.000000,0.000000,0.000000,0.000000,48.812650,400.000000,0.000000,0.000000,0.000000,0.000000
54.110000,1635.319966,0.000000,0.000000,28.123091,0.000000,0.000000,0.000000,0.000000,0.000000,48.812650,400.000000,0.000000,0.000000,0.000000,0.000000
54.210000,1638.131308,0.000000,0.000000,28.105499,0.000000,0.000000,0.000000,0.000000,0.000000,48.812650,400.000000,0.000000,0.000000,0.000000,0.000000
54.310000,1640.940891,0.000000,0.000000,28.087926,0.000000,0.000000,0.000000,0.000000,0.000000,48.812650,400.000000,0.000000,0.000000,0.000000,0.000000
54.410000,1643.748718,0.000000,0.000000,28.070372,0.000000,0.000000,0.000000,0.000000,0.000000,48.812650,400.000000,0.000000,0.000000,0.000000,0.000000
54.510000,1646.554791,0.000000,0.000000,28.052837,0.000000,0.000000,0.000000,0.000000,0.000000,48.812650,400.000000,0.000000,0.000000,0.000000,0.000000
54.610000,1649.359111,0.000000,0.000000,28.035322,0.000000,0.000000,0.000000,0.000000,0.000000,48.812650,400.000000,0.000000,0.000000,0.000000,0.000000
54.710000,1652.161681,0.000000,0.000000,28.017825,0.000000,0.000000,0.000000,0.000000,0.000000,48.812650,400.000000,0.000000,0.000000,0.000000,0.000000
54.810000,1654.962502,0.000000,0.000000,28.000347,0.000000,0.000000,0.000000,0.000000,0.000000,48.812650,400.000000,0.000000,0.000000,0.000000,0.000000
54.910000,1657.761576,0.000000,0.000000,27.982889,0.000000,0.000000,0.000000,0.000000,0.000000,48.812650,400.000000,0.000000,0.000000,0.000000,0.000000
55.010000,1660.558906,0.000000,0.000000,27.965449,0.000000,0.000000,0.000000,0.000000,0.000000,48.812650,400.000000,0.000000,0.000000,0.000000,0.000000
55.110000,1663.354492,0.000000,0.000000,27.948029,0.000000,0.000000,0.000000,0.000000,0.000000,48.812650,400.000000,0.000000,0.000000,0.000000,0.000000
55.210000,1666.148338,0.000000,0.000000,27.930627,0.000000,0.000000,0.000000,0.000000,0.000000,48.812650,400.000000,0.000000,0.000000,0.000000,0.000000
55.310000,1668.940444,0.000000,0.000000,27.913245,0.000000,0.000000,0.000000,0.000000,0.000000,48.812650,400.000000,0.000000,0.000000,0.000000,0.000000
55.410000,1671.730814,0.000000,0.000000,27.895881,0.000000,0.000000,0.000000,0.000000,0.000000,48.812650,400.000000,0.000000,0.000000,0.000000,0.000000
55.510000,1674.519448,0.000000,0.000000,27.878536,0.000000,0.000000,0.000000,0.000000,0.000000,48.812650,400.000000,0.000000,0.000000,0.000000,0.000000
55.610000,1677.306348,0.000000,0.000000,27.861209,0.000000,0.000000,0.000000,0.000000,0.000000,48.812650,400.000000,0.000000,0.000000,0.000000,0.000000
55.710000,1680.091517,0.000000,0.000000,27.843902,0.000000,0.000000,0.000000,0.000000,0.000000,48.812650,400.000000,0.000000,0.000000,0.000000,0.000000
55.810000,1682.874956,0.000000,0.000000,27.826613,0.000000,0.000000,0.000000,0.000000,0.000000,48.812650,400.000000,0.000000,0.000000,0.000000,0.000000
55.910000,1685.656667,0.000000,0.000000,27.809343,0.000000,0.000000,0.000000,0.000000,0.000000,48.812650,400.000000,0.000000,0.000000,0.000000,0.000000
56.010000,1688.436653,0.000000,0.000000,27.792092,0.000000,0.000000,0.000000,0.000000,0.000000,48.812650,400.000000,0.000000,0.000000,0.000000,0.000000
56.110000,1691.214914,0.000000,0.000000,27.774859,0.000000,0.000000,0.000000,0.000000,0.000000,48.812650,400.000000,0.000000,0.000000,0.000000,0.000000
56.210000,1693.991453,0.000000,0.000000,27.757645,0.000000,0.000000,0.000000,0.000000,0.000000,48.812650,400.000000,0.000000,0.000000,0.000000,0.000000
56.310000,1696.766272,0.000000,0.000000,27.740449,0.000000,0.000000,0.000000,0.000000,0.000000,48.812650,400.000000,0.000000,0.000000,0.000000,0.000000
56.410000,1699.539372,0.000000,0.000000,27.723272,0.000000,0.000000,0.000000,0.000000,0.000000,48.812650,400.000000,0.000000,0.000000,0.000000,0.000000
56.510000,1702.310755,0.000000,0.000000,27.706114,0.000000,0.000000,0.000000,0.000000,0.000000,48.812650,400.000000,0.000000,0.000000,0.000000,0.000000
56.610000,1705.080423,0.000000,0.000000,27.688974,0.000000,0.000000,0.000000,0.000000,0.000000,48.812650,400.000000,0.000000,0.000000,0.000000,0.000000
56.710000,1707.848379,0.000000,0.000000,27.671852,0.000000,0.000000,0.000000,0.000000,0.000000,48.812650,400.000000,0.000000,0.000000,0.000000,0.000000
56.810000,1710.614623,0.000000,0.000000,27.654749,0.000000,0.000000,0.000000,0.000000,0.000000,48.812650,400.000000,0.000000,0.000000,0.000000,0.000000
56.910000,1713.379159,0.000000,0.000000,27.637664,0.000000,0.000000,0.000000,0.000000,0.000000,48.812650,400.000000,0.000000,0.000000,0.000000,0.000000
57.010000,1716.141986,0.000000,0.000000,27.620598,0.000000,0.000000,0.000000,0.000000,0.000000,48.812650,400.000000,0.000000,0.000000,0.000000,0.000000
57.110000,1718.903108,0.000000,0.000000,27.603550,0.000000,0.000000,0.000000,0.000000,0.000000,48.812650,400.000000,0.000000,0.000000,0.000000,0.000000
57.210000,1721.662526,0.000000,0.000000,27.586520,0.000000,0.000000,0.000000,0.000000,0.000000,48.812650,400.000000,0.000000,0.000000,0.000000,0.000000
57.310000,1724.420243,0.000000,0.000000,27.569508,0.000000,0.000000,0.000000,0.000000,0.000000,48.812650,400.000000,0.000000,0.000000,0.000000,0.000000
57.410000,1727.176259,0.000000,0.000000,27.552515,0.000000,0.000000,0.000000,0.000000,0.000000,48.812650,400.000000,0.000000,0.000000,0.000000,0.000000
57.510000,1729.930576,0.000000,0.000000,27.535540,0.000000,0.000000,0.000000,0.000000,0.000000,48.812650,400.000000,0.000000,0.000000,0.000000,0.000000
57.610000,1732.683198,0.000000,0.000000,27.518583,0.000000,0.000000,0.000000,0.000000,0.000000,48.812650,400.000000,0.000000,0.000000,0.000000,0.000000
57.710000,1735.434124,0.000000,0.000000,27.501644,0.000000,0.000000,0.000000,0.000000,0.000000,48.812650,400.000000,0.000000,0.000000,0.000000,0.000000
57.810000,1738.183358,0.000000,0.000000,27.484724,0.000000,0.000000,0.000000,0.000000,0.000000,48.812650,400.000000,0.000000,0.000000,0.000000,0.000000
57.910000,1740.930900,0.000000,0.000000,27.467821,0.000000,0.000000,0.000000,0.000000,0.000000,48.812650,400.000000,0.000000,0.000000,0.000000,0.000000
58.010000,1743.676754,0.000000,0.000000,27.450936,0.000000,0.000000,0.000000,0.000000,0.000000,48.812650,400.000000,0.000000,0.000000,0.000000,0.000000
58.110000,1746.420919,0.000000,0.000000,27.434070,0.000000,0.000000,0.000000,0.000000,0.000000,48.812650,400.000000,0.000000,0.000000,0.000000,0.000000
58.210000,1749.163400,0.000000,0.000000,27.417221,0.000000,0.000000,0.000000,0.000000,0.000000,48.812650,400.000000,0.000000,0.000000,0.000000,0.000000
58.310000,1751.904196,0.000000,0.000000,27.400391,0.000000,0.000000,0.000000,0.000000,0.000000,48.812650,400.000000,0.000000,0.000000,0.000000,0.000000
58.410000,1754.643310,0.000000,0.000000,27.383578,0.000000,0.000000,0.000000,0.000000,0.000000,48.812650,400.000000,0.000000,0.000000,0.000000,0.000000
58.510000,1757.380744,0.000000,0.000000,27.366783,0.000000,0.000000,0.000000,0.000000,0.000000,48.812650,400.000000,0.000000,0.000000,0.000000,0.000000
58.610000,1760.116499,0.000000,0.000000,27.350006,0.000000,0.000000,0.000000,0.000000,0.000000,48.812650,400.000000,0.000000,0.000000,0.000000,0.000000
58.710000,1762.850578,0.000000,0.000000,27.333247,0.000000,0.000000,0.000000,0.000000,0.000000,48.812650,400.000000,0.000000,0.000000,0.000000,0.000000
58.810000,1765.582982,0.000000,0.000000,27.316506,0.000000,0.000000,0.000000,0.000000,0.000000,48.812650,400.000000,0.000000,0.000000,0.000000,0.000000
58.910000,1768.313713,0.000000,0.000000,27.299782,0.000000,0.000000,0.000000,0.000000,0.000000,48.812650,400.000000,0.000000,0.000000,0.000000,0.000000
59.010000,1771.042772,0.000000,0.000000,27.283077,0.000000,0.000000,0.000000,0.000000,0.000000,48.812650,400.000000,0.000000,0.000000,0.000000,0.000000
59.110000,1773.770162,0.000000,0.000000,27.266389,0.000000,0.000000,0.000000,0.000000,0.000000,48.812650,400.000000,0.000000,0.000000,0.000000,0.000000
59.210000,1776.495883,0.000000,0.000000,27.249718,0.000000,0.000000,0.000000,0.000000,0.000000,48.812650,400.000000,0.000000,0.000000,0.000000,0.000000
59.310000,1779.219939,0.000000,0.000000,27.233065,0.000000,0.000000,0.000000,0.000000,0.000000,48.812650,400.000000,0.000000,0.000000,0.000000,0.000000
59.410000,1781.942331,0.000000,0.000000,27.216430,0.000000,0.000000,0.000000,0.000000,0.000000,48.812650,400.000000,0.000000,0.000000,0.000000,0.000000
59.510000,1784.663060,0.000000,0.000000,27.199813,0.000000,0.000000,0.000000,0.000000,0.000000,48.812650,400.000000,0.000000,0.000000,0.000000,0.000000
59.610000,1787.382128,0.000000,0.000000,27.183213,0.000000,0.000000,0.000000,0.000000,0.000000,48.812650,400.000000,0.000000,0.000000,0.000000,0.000000
59.710000,1790.099537,0.000000,0.000000,27.166631,0.000000,0.000000,0.000000,0.000000,0.000000,48.812650,400.000000,0.000000,0.000000,0.000000,0.000000
59.810000,1792.815289,0.000000,0.000000,27.150066,0.000000,0.000000,0.000000,0.000000,0.000000,48.812650,400.000000,0.000000,0.000000,0.000000,0.000000
59.910000,1795.529385,0.000000,0.000000,27.133518,0.000000,0.000000,0.000000,0.000000,0.000000,48.812650,400.000000,0.000000,0.000000,0.000000,0.000000
