t_s,x_m,y_m,yaw_deg,v_mps,vy_mps,yaw_rate_radps,a_long_mps2,a_lat_mps2,steer_deg,delta_fl_deg,delta_fr_deg,motor_nm,brake_pct,gear_position,batt_soc_truth,batt_v_truth,batt_i_truth,wheel_fl_rps_truth,wheel_fr_rps_truth,wheel_rl_rps_truth,wheel_rr_rps_truth,omega_fl_radps,omega_fr_radps,omega_rl_radps,omega_rr_radps,tau_drive_rl_nm,tau_drive_rr_nm,tau_brake_fl_nm,tau_brake_fr_nm,tau_brake_rl_nm,tau_brake_rr_nm,motor_power_kW,regen_power_kW,brake_force_kN,batt_soc_meas,batt_v_meas,batt_i_meas,batt_temp_meas,wheel_fl_rps_meas,wheel_fr_rps_meas,wheel_rl_rps_meas,wheel_rr_rps_meas,imu_gx_rps,imu_gy_rps,imu_gz_rps,imu_ax_mps2,imu_ay_mps2,imu_az_mps2,imu_temp_c,imu_status,gnss_lat_deg,gnss_lon_deg,gnss_alt_m,gnss_vn_mps,gnss_ve_mps,gnss_fix_type,gnss_sat_count,radar_target_range_m,radar_target_rel_vel_mps,radar_target_angle_deg,radar_status,Fx_fl,Fx_fr,Fx_rl,Fx_rr,Fy_fl,Fy_fr,Fy_rl,Fy_rr,Fz_fl,Fz_fr,Fz_rl,Fz_rr,sigma_x_fl,sigma_x_fr,sigma_x_rl,sigma_x_rr,sigma_y_fl,sigma_y_fr,sigma_y_rl,sigma_y_rr,alpha_fl,alpha_fr,alpha_rl,alpha_rr,lambda_fl,lambda_fr,lambda_rl,lambda_rr,surface_mu,loop_time_us,wall_time_s,time_drift_ms
0.000000,0.000000,0.000000,0.000000,0.000000,0.000000,0.000000,0.000000,0.000000,0.000000,0.000000,0.000000,0.000000,0.000000,1,50.000000,1200.000000,0.000000,0.000000,0.000000,0.000000,0.000000,0.000000,0.000000,0.000000,0.000000,0.000000,0.000000,0.000000,0.000000,0.000000,0.000000,0.000000,0.000000,0.000000,50.100000,1200.600000,-0.000000,24.690484,0.000000,0.000000,0.000000,0.000000,-0.001822,-0.001822,-0.001822,-0.001822,-0.001822,-0.001822,-0.001822,0,-0.000012,-0.000012,-0.000012,-0.000012,-0.000012,3,10,49.592029,49.592029,49.592029,1,0.000000,0.000000,0.000000,0.000000,0.000000,0.000000,0.000000,0.000000,0.000000,0.000000,0.000000,0.000000,0.000000,0.000000,0.000000,0.000000,0.000000,0.000000,0.000000,0.000000,0.000000,0.000000,0.000000,0.000000,1.000000,1.000000,1.000000,1.000000,0.720000,-0.870000,0.006602,6.604332
0.100000,0.000000,0.000000,0.000000,0.000000,0.000000,0.000000,0.000000,0.000000,0.000000,0.000000,0.000000,0.000000,0.000000,1,50.000000,1200.000000,0.000000,0.000000,0.000000,0.000000,0.000000,0.000000,0.000000,0.000000,0.000000,0.000000,0.000000,0.000000,0.000000,0.000000,0.000000,0.000000,0.000000,0.000000,50.100000,1199.200000,0.000000,25.310316,0.000000,0.000000,0.000000,0.000000,0.045714,0.045714,0.045714,0.045714,0.045714,0.045714,0.045714,0,-0.000023,-0.000023,-0.000023,-0.000023,-0.000023,3,13,50.055842,50.055842,50.055842,1,0.000000,0.000000,0.000000,0.000000,0.000000,0.000000,0.000000,0.000000,0.000000,0.000000,0.000000,0.000000,0.000000,0.000000,0.000000,0.000000,0.000000,0.000000,0.000000,0.000000,0.000000,0.000000,0.000000,0.000000,1.000000,1.000000,1.000000,1.000000,0.720000,-0.370000,0.101242,1.244270
0.200000,0.000000,0.000000,0.000000,0.000000,0.000000,0.000000,0.000000,0.000000,0.000000,0.000000,0.000000,0.000000,0.000000,1,50.000000,1200.000000,0.000000,0.000000,0.000000,0.000000,0.000000,0.000000,0.000000,0.000000,0.000000,0.000000,0.000000,0.000000,0.000000,0.000000,0.000000,0.000000,0.000000,0.000000,50.100000,1200.200000,0.100000,24.466603,0.000000,0.000000,0.000000,0.000000,-0.032269,-0.032269,-0.032269,-0.032269,-0.032269,-0.032269,-0.032269,0,-0.000002,-0.000002,-0.000002,-0.000002,-0.000002,3,11,50.181373,50.181373,50.181373,1,0.000000,0.000000,0.000000,0.000000,0.000000,0.000000,0.000000,0.000000,0.000000,0.000000,0.000000,0.000000,0.000000,0.000000,0.000000,0.000000,0.000000,0.000000,0.000000,0.000000,0.000000,0.000000,0.000000,0.000000,1.000000,1.000000,1.000000,1.000000,0.720000,-0.352000,0.201208,1.210565
0.310000,0.000000,0.000000,0.000000,0.000000,0.000000,0.000000,0.000000,0.000000,0.000000,0.000000,0.000000,0.000000,0.000000,1,50.000000,1200.000000,0.000000,0.000000,0.000000,0.000000,0.000000,0.000000,0.000000,0.000000,0.000000,0.000000,0.000000,0.000000,0.000000,0.000000,0.000000,0.000000,0.000000,0.000000,50.100000,1200.500000,0.300000,25.014178,0.000000,0.000000,0.000000,0.000000,0.099277,0.099277,0.099277,0.099277,0.099277,0.099277,0.099277,0,-0.000014,-0.000014,-0.000014,-0.000014,-0.000014,3,14,50.106240,50.106240,50.106240,1,0.000000,0.000000,0.000000,0.000000,0.000000,0.000000,0.000000,0.000000,0.000000,0.000000,0.000000,0.000000,0.000000,0.000000,0.000000,0.000000,0.000000,0.000000,0.000000,0.000000,0.000000,0.000000,0.000000,0.000000,1.000000,1.000000,1.000000,1.000000,0.720000,-0.778000,0.310688,0.691672
0.400000,0.000000,0.000000,0.000000,0.000000,0.000000,0.000000,0.000000,0.000000,0.000000,0.000000,0.000000,0.000000,0.000000,1,50.000000,1200.000000,0.000000,0.000000,0.000000,0.000000,0.000000,0.000000,0.000000,0.000000,0.000000,0.000000,0.000000,0.000000,0.000000,0.000000,0.000000,0.000000,0.000000,0.000000,50.100000,1198.900000,-0.000000,25.014178,0.000000,0.000000,0.000000,0.000000,-0.038688,-0.038688,-0.038688,-0.038688,-0.038688,-0.038688,-0.038688,0,-0.000014,-0.000014,-0.000014,-0.000014,-0.000014,3,14,50.125937,50.125937,50.125937,1,0.000000,0.000000,0.000000,0.000000,0.000000,0.000000,0.000000,0.000000,0.000000,0.000000,0.000000,0.000000,0.000000,0.000000,0.000000,0.000000,0.000000,0.000000,0.000000,0.000000,0.000000,0.000000,0.000000,0.000000,1.000000,1.000000,1.000000,1.000000,0.720000,-0.259000,0.400978,0.980233
0.500000,0.000000,0.000000,0.000000,0.000000,0.000000,0.000000,0.000000,0.000000,0.000000,0.000000,0.000000,0.000000,0.000000,1,50.000000,1200.000000,0.000000,0.000000,0.000000,0.000000,0.000000,0.000000,0.000000,0.000000,0.000000,0.000000,0.000000,0.000000,0.000000,0.000000,0.000000,0.000000,0.000000,0.000000,50.100000,1200.100000,-0.100000,24.473280,0.000000,0.000000,0.000000,0.000000,0.025945,0.025945,0.025945,0.025945,0.025945,0.025945,0.025945,0,-0.000015,-0.000015,-0.000015,-0.000015,-0.000015,3,11,50.007350,50.007350,50.007350,1,0.000000,0.000000,0.000000,0.000000,0.000000,0.000000,0.000000,0.000000,0.000000,0.000000,0.000000,0.000000,0.000000,0.000000,0.000000,0.000000,0.000000,0.000000,0.000000,0.000000,0.000000,0.000000,0.000000,0.000000,1.000000,1.000000,1.000000,1.000000,0.720000,-0.444000,0.501225,1.227782
0.600000,0.000000,0.000000,0.000000,0.000000,0.000000,0.000000,0.000000,0.000000,0.000000,0.000000,0.000000,0.000000,0.000000,1,50.000000,1200.000000,0.000000,0.000000,0.000000,0.000000,0.000000,0.000000,0.000000,0.000000,0.000000,0.000000,0.000000,0.000000,0.000000,0.000000,0.000000,0.000000,0.000000,0.000000,50.100000,1200.400000,0.100000,24.645242,0.000000,0.000000,0.000000,0.000000,0.101447,0.101447,0.101447,0.101447,0.101447,0.101447,0.101447,0,-0.000017,-0.000017,-0.000017,-0.000017,-0.000017,3,10,49.929215,49.929215,49.929215,1,0.000000,0.000000,0.000000,0.000000,0.000000,0.000000,0.000000,0.000000,0.000000,0.000000,0.000000,0.000000,0.000000,0.000000,0.000000,0.000000,0.000000,0.000000,0.000000,0.000000,0.000000,0.000000,0.000000,0.000000,1.000000,1.000000,1.000000,1.000000,0.720000,-0.833000,0.601282,1.284743
0.700000,0.000000,0.000000,0.000000,0.000000,0.000000,0.000000,0.000000,0.000000,0.000000,0.000000,0.000000,0.000000,0.000000,1,50.000000,1200.000000,0.000000,0.000000,0.000000,0.000000,0.000000,0.000000,0.000000,0.000000,0.000000,0.000000,0.000000,0.000000,0.000000,0.000000,0.000000,0.000000,0.000000,0.000000,50.100000,1200.100000,-0.300000,24.828457,0.000000,0.000000,0.000000,0.000000,0.075725,0.075725,0.075725,0.075725,0.075725,0.075725,0.075725,0,0.000015,0.000015,0.000015,0.000015,0.000015,3,14,50.075621,50.075621,50.075621,1,0.000000,0.000000,0.000000,0.000000,0.000000,0.000000,0.000000,0.000000,0.000000,0.000000,0.000000,0.000000,0.000000,0.000000,0.000000,0.000000,0.000000,0.000000,0.000000,0.000000,0.000000,0.000000,0.000000,0.000000,1.000000,1.000000,1.000000,1.000000,0.720000,-0.500000,0.701399,1.401813
0.800000,0.000000,0.000000,0.000000,0.000000,0.000000,0.000000,0.000000,0.000000,0.000000,0.000000,0.000000,0.000000,0.000000,1,50.000000,1200.000000,0.000000,0.000000,0.000000,0.000000,0.000000,0.000000,0.000000,0.000000,0.000000,0.000000,0.000000,0.000000,0.000000,0.000000,0.000000,0.000000,0.000000,0.000000,50.100000,1200.000000,-0.000000,24.627699,0.000000,0.000000,0.000000,0.000000,-0.022776,-0.022776,-0.022776,-0.022776,-0.022776,-0.022776,-0.022776,0,-0.000007,-0.000007,-0.000007,-0.000007,-0.000007,0,12,49.801700,49.801700,49.801700,1,0.000000,0.000000,0.000000,0.000000,0.000000,0.000000,0.000000,0.000000,0.000000,0.000000,0.000000,0.000000,0.000000,0.000000,0.000000,0.000000,0.000000,0.000000,0.000000,0.000000,0.000000,0.000000,0.000000,0.000000,1.000000,1.000000,1.000000,1.000000,0.720000,-0.370000,0.801641,1.644270
0.900000,0.000000,0.000000,0.000000,0.000000,0.000000,0.000000,0.000000,0.000000,0.000000,0.000000,0.000000,0.000000,0.000000,1,50.000000,1200.000000,0.000000,0.000000,0.000000,0.000000,0.000000,0.000000,0.000000,0.000000,0.000000,0.000000,0.000000,0.000000,0.000000,0.000000,0.000000,0.000000,0.000000,0.000000,50.100000,1200.600000,0.100000,25.219946,0.000000,0.000000,0.000000,0.000000,-0.033500,-0.033500,-0.033500,-0.033500,-0.033500,-0.033500,-0.033500,0,-0.000007,-0.000007,-0.000007,-0.000007,-0.000007,3,8,50.092232,50.092232,50.092232,1,0.000000,0.000000,0.000000,0.000000,0.000000,0.000000,0.000000,0.000000,0.000000,0.000000,0.000000,0.000000,0.000000,0.000000,0.000000,0.000000,0.000000,0.000000,0.000000,0.000000,0.000000,0.000000,0.000000,0.000000,1.000000,1.000000,1.000000,1.000000,0.720000,-0.352000,0.901660,1.662471
1.000000,0.000000,0.000000,0.000000,0.000000,0.000000,0.000000,0.000000,0.000000,0.000000,0.000000,0.000000,0.000000,0.000000,1,50.000000,1200.000000,0.000000,0.000000,0.000000,0.000000,0.000000,0.000000,0.000000,0.000000,0.000000,0.000000,0.000000,0.000000,0.000000,0.000000,0.000000,0.000000,0.000000,0.000000,50.700000,1200.100000,-0.100000,25.552105,0.000000,0.000000,0.000000,0.000000,-0.093105,-0.093105,-0.093105,-0.093105,-0.093105,-0.093105,-0.093105,0,0.000023,0.000023,0.000023,0.000023,0.000023,3,11,50.380586,50.380586,50.380586,1,0.000000,0.000000,0.000000,0.000000,0.000000,0.000000,0.000000,0.000000,0.000000,0.000000,0.000000,0.000000,0.000000,0.000000,0.000000,0.000000,0.000000,0.000000,0.000000,0.000000,0.000000,0.000000,0.000000,0.000000,1.000000,1.000000,1.000000,1.000000,0.720000,-0.981000,1.000700,0.701285
1.100000,0.000000,0.000000,0.000000,0.000000,0.000000,0.000000,0.000000,0.000000,0.000000,0.000000,0.000000,0.000000,0.000000,1,50.000000,1200.000000,0.000000,0.000000,0.000000,0.000000,0.000000,0.000000,0.000000,0.000000,0.000000,0.000000,0.000000,0.000000,0.000000,0.000000,0.000000,0.000000,0.000000,0.000000,50.700000,1199.800000,-0.200000,25.623038,0.000000,0.000000,0.000000,0.000000,-0.087238,-0.087238,-0.087238,-0.087238,-0.087238,-0.087238,-0.087238,0,-0.000012,-0.000012,-0.000012,-0.000012,-0.000012,3,11,50.044034,50.044034,50.044034,1,0.000000,0.000000,0.000000,0.000000,0.000000,0.000000,0.000000,0.000000,0.000000,0.000000,0.000000,0.000000,0.000000,0.000000,0.000000,0.000000,0.000000,0.000000,0.000000,0.000000,0.000000,0.000000,0.000000,0.000000,1.000000,1.000000,1.000000,1.000000,0.720000,-0.296000,1.101170,1.172293
1.200000,0.000000,0.000000,0.000000,0.000000,0.000000,0.000000,0.000000,0.000000,0.000000,0.000000,0.000000,0.000000,0.000000,1,50.000000,1200.000000,0.000000,0.000000,0.000000,0.000000,0.000000,0.000000,0.000000,0.000000,0.000000,0.000000,0.000000,0.000000,0.000000,0.000000,0.000000,0.000000,0.000000,0.000000,50.700000,1200.300000,0.200000,25.138867,0.000000,0.000000,0.000000,0.000000,-0.031187,-0.031187,-0.031187,-0.031187,-0.031187,-0.031187,-0.031187,0,0.000017,0.000017,0.000017,0.000017,0.000017,3,13,49.899462,49.899462,49.899462,1,0.000000,0.000000,0.000000,0.000000,0.000000,0.000000,0.000000,0.000000,0.000000,0.000000,0.000000,0.000000,0.000000,0.000000,0.000000,0.000000,0.000000,0.000000,0.000000,0.000000,0.000000,0.000000,0.000000,0.000000,1.000000,1.000000,1.000000,1.000000,0.720000,-0.500000,1.201720,1.722799
1.300000,0.000000,0.000000,0.000000,0.000000,0.000000,0.000000,0.000000,0.000000,0.000000,0.000000,0.000000,0.000000,0.000000,1,50.000000,1200.000000,0.000000,0.000000,0.000000,0.000000,0.000000,0.000000,0.000000,0.000000,0.000000,0.000000,0.000000,0.000000,0.000000,0.000000,0.000000,0.000000,0.000000,0.000000,50.700000,1200.400000,0.200000,25.422386,0.000000,0.000000,0.000000,0.000000,-0.074137,-0.074137,-0.074137,-0.074137,-0.074137,-0.074137,-0.074137,0,-0.000012,-0.000012,-0.000012,-0.000012,-0.000012,0,13,50.062877,50.062877,50.062877,1,0.000000,0.000000,0.000000,0.000000,0.000000,0.000000,0.000000,0.000000,0.000000,0.000000,0.000000,0.000000,0.000000,0.000000,0.000000,0.000000,0.000000,0.000000,0.000000,0.000000,0.000000,0.000000,0.000000,0.000000,1.000000,1.000000,1.000000,1.000000,0.720000,-0.334000,1.301213,1.215178
1.400000,0.000000,0.000000,0.000000,0.000000,0.000000,0.000000,0.000000,0.000000,0.000000,0.000000,0.000000,0.000000,0.000000,1,50.000000,1200.000000,0.000000,0.000000,0.000000,0.000000,0.000000,0.000000,0.000000,0.000000,0.000000,0.000000,0.000000,0.000000,0.000000,0.000000,0.000000,0.000000,0.000000,0.000000,50.700000,1199.400000,-0.100000,25.453107,0.000000,0.000000,0.000000,0.000000,-0.184314,-0.184314,-0.184314,-0.184314,-0.184314,-0.184314,-0.184314,0,0.000003,0.000003,0.000003,0.000003,0.000003,3,10,50.032235,50.032235,50.032235,1,0.000000,0.000000,0.000000,0.000000,0.000000,0.000000,0.000000,0.000000,0.000000,0.000000,0.000000,0.000000,0.000000,0.000000,0.000000,0.000000,0.000000,0.000000,0.000000,0.000000,0.000000,0.000000,0.000000,0.000000,1.000000,1.000000,1.000000,1.000000,0.720000,-0.444000,1.401516,1.518892
1.510000,0.000000,0.000000,0.000000,0.000000,0.000000,0.000000,0.000000,0.000000,0.000000,0.000000,0.000000,0.000000,0.000000,1,50.000000,1200.000000,0.000000,0.000000,0.000000,0.000000,0.000000,0.000000,0.000000,0.000000,0.000000,0.000000,0.000000,0.000000,0.000000,0.000000,0.000000,0.000000,0.000000,0.000000,50.700000,1200.100000,-0.100000,25.583081,0.000000,0.000000,0.000000,0.000000,0.127526,0.127526,0.127526,0.127526,0.127526,0.127526,0.127526,0,0.000001,0.000001,0.000001,0.000001,0.000001,3,13,49.852612,49.852612,49.852612,1,0.000000,0.000000,0.000000,0.000000,0.000000,0.000000,0.000000,0.000000,0.000000,0.000000,0.000000,0.000000,0.000000,0.000000,0.000000,0.000000,0.000000,0.000000,0.000000,0.000000,0.000000,0.000000,0.000000,0.000000,1.000000,1.000000,1.000000,1.000000,0.720000,-0.389000,1.510548,0.550341
1.610000,0.000000,0.000000,0.000000,0.000000,0.000000,0.000000,0.000000,0.000000,0.000000,0.000000,0.000000,0.000000,0.000000,1,50.000000,1200.000000,0.000000,0.000000,0.000000,0.000000,0.000000,0.000000,0.000000,0.000000,0.000000,0.000000,0.000000,0.000000,0.000000,0.000000,0.000000,0.000000,0.000000,0.000000,50.700000,1199.500000,-0.100000,25.131449,0.000000,0.000000,0.000000,0.000000,0.052311,0.052311,0.052311,0.052311,0.052311,0.052311,0.052311,0,0.000018,0.000018,0.000018,0.000018,0.000018,3,10,49.920466,49.920466,49.920466,1,0.000000,0.000000,0.000000,0.000000,0.000000,0.000000,0.000000,0.000000,0.000000,0.000000,0.000000,0.000000,0.000000,0.000000,0.000000,0.000000,0.000000,0.000000,0.000000,0.000000,0.000000,0.000000,0.000000,0.000000,1.000000,1.000000,1.000000,1.000000,0.720000,-0.463000,1.610579,0.582450
1.710000,0.000000,0.000000,0.000000,0.000000,0.000000,0.000000,0.000000,0.000000,0.000000,0.000000,0.000000,0.000000,0.000000,1,50.000000,1200.000000,0.000000,0.000000,0.000000,0.000000,0.000000,0.000000,0.000000,0.000000,0.000000,0.000000,0.000000,0.000000,0.000000,0.000000,0.000000,0.000000,0.000000,0.000000,50.700000,1200.300000,0.100000,24.807520,0.000000,0.000000,0.000000,0.000000,0.009409,0.009409,0.009409,0.009409,0.009409,0.009409,0.009409,0,-0.000031,-0.000031,-0.000031,-0.000031,-0.000031,0,13,49.997218,49.997218,49.997218,1,0.000000,0.000000,0.000000,0.000000,0.000000,0.000000,0.000000,0.000000,0.000000,0.000000,0.000000,0.000000,0.000000,0.000000,0.000000,0.000000,0.000000,0.000000,0.000000,0.000000,0.000000,0.000000,0.000000,0.000000,1.000000,1.000000,1.000000,1.000000,0.720000,-0.574000,1.710518,0.521339
1.810000,0.000000,0.000000,0.000000,0.000000,0.000000,0.000000,0.000000,0.000000,0.000000,0.000000,0.000000,0.000000,0.000000,1,50.000000,1200.000000,0.000000,0.000000,0.000000,0.000000,0.000000,0.000000,0.000000,0.000000,0.000000,0.000000,0.000000,0.000000,0.000000,0.000000,0.000000,0.000000,0.000000,0.000000,50.700000,1199.300000,-0.100000,25.056893,0.000000,0.000000,0.000000,0.000000,-0.042364,-0.042364,-0.042364,-0.042364,-0.042364,-0.042364,-0.042364,0,-0.000030,-0.000030,-0.000030,-0.000030,-0.000030,3,8,49.872446,49.872446,49.872446,1,0.000000,0.000000,0.000000,0.000000,0.000000,0.000000,0.000000,0.000000,0.000000,0.000000,0.000000,0.000000,0.000000,0.000000,0.000000,0.000000,0.000000,0.000000,0.000000,0.000000,0.000000,0.000000,0.000000,0.000000,1.000000,1.000000,1.000000,1.000000,0.720000,-0.351000,1.810641,0.643446
1.910000,0.000000,0.000000,0.000000,0.000000,0.000000,0.000000,0.000000,0.000000,0.000000,0.000000,0.000000,0.000000,0.000000,1,50.000000,1200.000000,0.000000,0.000000,0.000000,0.000000,0.000000,0.000000,0.000000,0.000000,0.000000,0.000000,0.000000,0.000000,0.000000,0.000000,0.000000,0.000000,0.000000,0.000000,50.700000,1200.100000,-0.200000,24.903661,0.000000,0.000000,0.000000,0.000000,0.045618,0.045618,0.045618,0.045618,0.045618,0.045618,0.045618,0,-0.000030,-0.000030,-0.000030,-0.000030,-0.000030,3,8,50.207328,50.207328,50.207328,1,0.000000,0.000000,0.000000,0.000000,0.000000,0.000000,0.000000,0.000000,0.000000,0.000000,0.000000,0.000000,0.000000,0.000000,0.000000,0.000000,0.000000,0.000000,0.000000,0.000000,0.000000,0.000000,0.000000,0.000000,1.000000,1.000000,1.000000,1.000000,0.720000,-0.518000,1.910451,0.453726
2.010000,0.000000,0.000000,0.000000,0.000000,0.000000,0.000000,0.000000,0.000000,0.000000,0.000000,0.000000,0.000000,0.000000,1,50.000000,1200.000000,0.000000,0.000000,0.000000,0.000000,0.000000,0.000000,0.000000,0.000000,0.000000,0.000000,0.000000,0.000000,0.000000,0.000000,0.000000,0.000000,0.000000,0.000000,49.900000,1200.000000,0.300000,24.320804,0.000000,0.000000,0.000000,0.000000,0.121571,0.121571,0.121571,0.121571,0.121571,0.121571,0.121571,0,0.000010,0.000010,0.000010,0.000010,0.000010,3,11,50.189689,50.189689,50.189689,1,0.000000,0.000000,0.000000,0.000000,0.000000,0.000000,0.000000,0.000000,0.000000,0.000000,0.000000,0.000000,0.000000,0.000000,0.000000,0.000000,0.000000,0.000000,0.000000,0.000000,0.000000,0.000000,0.000000,0.000000,1.000000,1.000000,1.000000,1.000000,0.720000,-1.241000,2.010291,0.292598
2.110000,0.000000,0.000000,0.000000,0.000000,0.000000,0.000000,0.000000,0.000000,0.000000,0.000000,0.000000,0.000000,0.000000,1,50.000000,1200.000000,0.000000,0.000000,0.000000,0.000000,0.000000,0.000000,0.000000,0.000000,0.000000,0.000000,0.000000,0.000000,0.000000,0.000000,0.000000,0.000000,0.000000,0.000000,49.900000,1201.000000,0.400000,24.649067,0.000000,0.000000,0.000000,0.000000,-0.086807,-0.086807,-0.086807,-0.086807,-0.086807,-0.086807,-0.086807,0,-0.000045,-0.000045,-0.000045,-0.000045,-0.000045,3,12,50.023215,50.023215,50.023215,1,0.000000,0.000000,0.000000,0.000000,0.000000,0.000000,0.000000,0.000000,0.000000,0.000000,0.000000,0.000000,0.000000,0.000000,0.000000,0.000000,0.000000,0.000000,0.000000,0.000000,0.000000,0.000000,0.000000,0.000000,1.000000,1.000000,1.000000,1.000000,0.720000,-0.796000,2.110665,0.666126
2.210000,0.000000,0.000000,0.000000,0.000000,0.000000,0.000000,0.000000,0.000000,0.000000,0.000000,0.000000,0.000000,0.000000,1,50.000000,1200.000000,0.000000,0.000000,0.000000,0.000000,0.000000,0.000000,0.000000,0.000000,0.000000,0.000000,0.000000,0.000000,0.000000,0.000000,0.000000,0.000000,0.000000,0.000000,49.900000,1199.700000,0.100000,25.295282,0.000000,0.000000,0.000000,0.000000,0.080277,0.080277,0.080277,0.080277,0.080277,0.080277,0.080277,0,-0.000042,-0.000042,-0.000042,-0.000042,-0.000042,3,15,49.809155,49.809155,49.809155,1,0.000000,0.000000,0.000000,0.000000,0.000000,0.000000,0.000000,0.000000,0.000000,0.000000,0.000000,0.000000,0.000000,0.000000,0.000000,0.000000,0.000000,0.000000,0.000000,0.000000,0.000000,0.000000,0.000000,0.000000,1.000000,1.000000,1.000000,1.000000,0.720000,-0.908000,2.211005,1.008340
2.310000,0.000000,0.000000,0.000000,0.000000,0.000000,0.000000,0.000000,0.000000,0.000000,0.000000,0.000000,0.000000,0.000000,1,50.000000,1200.000000,0.000000,0.000000,0.000000,0.000000,0.000000,0.000000,0.000000,0.000000,0.000000,0.000000,0.000000,0.000000,0.000000,0.000000,0.000000,0.000000,0.000000,0.000000,49.900000,1199.700000,-0.000000,25.054025,0.000000,0.000000,0.000000,0.000000,0.034067,0.034067,0.034067,0.034067,0.034067,0.034067,0.034067,0,-0.000024,-0.000024,-0.000024,-0.000024,-0.000024,3,11,49.739551,49.739551,49.739551,1,0.000000,0.000000,0.000000,0.000000,0.000000,0.000000,0.000000,0.000000,0.000000,0.000000,0.000000,0.000000,0.000000,0.000000,0.000000,0.000000,0.000000,0.000000,0.000000,0.000000,0.000000,0.000000,0.000000,0.000000,1.000000,1.000000,1.000000,1.000000,0.720000,-1.018000,2.310236,0.237298
2.410000,0.000000,0.000000,0.000000,0.000000,0.000000,0.000000,0.000000,0.000000,0.000000,0.000000,0.000000,0.000000,0.000000,1,50.000000,1200.000000,0.000000,0.000000,0.000000,0.000000,0.000000,0.000000,0.000000,0.000000,0.000000,0.000000,0.000000,0.000000,0.000000,0.000000,0.000000,0.000000,0.000000,0.000000,49.900000,1200.200000,-0.100000,23.775965,0.000000,0.000000,0.000000,0.000000,0.004206,0.004206,0.004206,0.004206,0.004206,0.004206,0.004206,0,0.000003,0.000003,0.000003,0.000003,0.000003,3,13,49.657776,49.657776,49.657776,1,0.000000,0.000000,0.000000,0.000000,0.000000,0.000000,0.000000,0.000000,0.000000,0.000000,0.000000,0.000000,0.000000,0.000000,0.000000,0.000000,0.000000,0.000000,0.000000,0.000000,0.000000,0.000000,0.000000,0.000000,1.000000,1.000000,1.000000,1.000000,0.720000,-0.351000,2.410404,0.405923
2.510000,0.000000,0.000000,0.000000,0.000000,0.000000,0.000000,0.000000,0.000000,0.000000,0.000000,0.000000,0.000000,0.000000,1,50.000000,1200.000000,0.000000,0.000000,0.000000,0.000000,0.000000,0.000000,0.000000,0.000000,0.000000,0.000000,0.000000,0.000000,0.000000,0.000000,0.000000,0.000000,0.000000,0.000000,49.900000,1200.300000,0.500000,24.231596,0.000000,0.000000,0.000000,0.000000,-0.065902,-0.065902,-0.065902,-0.065902,-0.065902,-0.065902,-0.065902,0,-0.000025,-0.000025,-0.000025,-0.000025,-0.000025,0,11,50.058656,50.058656,50.058656,1,0.000000,0.000000,0.000000,0.000000,0.000000,0.000000,0.000000,0.000000,0.000000,0.000000,0.000000,0.000000,0.000000,0.000000,0.000000,0.000000,0.000000,0.000000,0.000000,0.000000,0.000000,0.000000,0.000000,0.000000,1.000000,1.000000,1.000000,1.000000,0.720000,-1.444000,2.510349,0.350126
2.610000,0.000000,0.000000,0.000000,0.000000,0.000000,0.000000,0.000000,0.000000,0.000000,0.000000,0.000000,0.000000,0.000000,1,50.000000,1200.000000,0.000000,0.000000,0.000000,0.000000,0.000000,0.000000,0.000000,0.000000,0.000000,0.000000,0.000000,0.000000,0.000000,0.000000,0.000000,0.000000,0.000000,0.000000,49.900000,1200.200000,0.200000,25.048371,0.000000,0.000000,0.000000,0.000000,0.228498,0.228498,0.228498,0.228498,0.228498,0.228498,0.228498,0,-0.000017,-0.000017,-0.000017,-0.000017,-0.000017,3,13,49.948569,49.948569,49.948569,1,0.000000,0.000000,0.000000,0.000000,0.000000,0.000000,0.000000,0.000000,0.000000,0.000000,0.000000,0.000000,0.000000,0.000000,0.000000,0.000000,0.000000,0.000000,0.000000,0.000000,0.000000,0.000000,0.000000,0.000000,1.000000,1.000000,1.000000,1.000000,0.720000,-1.000000,2.610354,0.355458
2.710000,0.000000,0.000000,0.000000,0.000000,0.000000,0.000000,0.000000,0.000000,0.000000,0.000000,0.000000,0.000000,0.000000,1,50.000000,1200.000000,0.000000,0.000000,0.000000,0.000000,0.000000,0.000000,0.000000,0.000000,0.000000,0.000000,0.000000,0.000000,0.000000,0.000000,0.000000,0.000000,0.000000,0.000000,49.900000,1200.800000,0.200000,24.238230,0.000000,0.000000,0.000000,0.000000,-0.095492,-0.095492,-0.095492,-0.095492,-0.095492,-0.095492,-0.095492,0,0.000022,0.000022,0.000022,0.000022,0.000022,3,9,50.124367,50.124367,50.124367,1,0.000000,0.000000,0.000000,0.000000,0.000000,0.000000,0.000000,0.000000,0.000000,0.000000,0.000000,0.000000,0.000000,0.000000,0.000000,0.000000,0.000000,0.000000,0.000000,0.000000,0.000000,0.000000,0.000000,0.000000,1.000000,1.000000,1.000000,1.000000,0.720000,-1.000000,2.710481,0.483010
2.810000,0.000000,0.000000,0.000000,0.000000,0.000000,0.000000,0.000000,0.000000,0.000000,0.000000,0.000000,0.000000,0.000000,1,50.000000,1200.000000,0.000000,0.000000,0.000000,0.000000,0.000000,0.000000,0.000000,0.000000,0.000000,0.000000,0.000000,0.000000,0.000000,0.000000,0.000000,0.000000,0.000000,0.000000,49.900000,1200.100000,0.500000,24.118529,0.000000,0.000000,0.000000,0.000000,-0.015905,-0.015905,-0.015905,-0.015905,-0.015905,-0.015905,-0.015905,0,-0.000022,-0.000022,-0.000022,-0.000022,-0.000022,0,8,49.737274,49.737274,49.737274,1,0.000000,0.000000,0.000000,0.000000,0.000000,0.000000,0.000000,0.000000,0.000000,0.000000,0.000000,0.000000,0.000000,0.000000,0.000000,0.000000,0.000000,0.000000,0.000000,0.000000,0.000000,0.000000,0.000000,0.000000,1.000000,1.000000,1.000000,1.000000,0.720000,-0.445000,2.810719,0.722448
2.910000,0.000000,0.000000,0.000000,0.000000,0.000000,0.000000,0.000000,0.000000,0.000000,0.000000,0.000000,0.000000,0.000000,1,50.000000,1200.000000,0.000000,0.000000,0.000000,0.000000,0.000000,0.000000,0.000000,0.000000,0.000000,0.000000,0.000000,0.000000,0.000000,0.000000,0.000000,0.000000,0.000000,0.000000,49.900000,1199.800000,0.100000,24.949733,0.000000,0.000000,0.000000,0.000000,-0.023819,-0.023819,-0.023819,-0.023819,-0.023819,-0.023819,-0.023819,0,0.000003,0.000003,0.000003,0.000003,0.000003,3,11,49.806321,49.806321,49.806321,1,0.000000,0.000000,0.000000,0.000000,0.000000,0.000000,0.000000,0.000000,0.000000,0.000000,0.000000,0.000000,0.000000,0.000000,0.000000,0.000000,0.000000,0.000000,0.000000,0.000000,0.000000,0.000000,0.000000,0.000000,1.000000,1.000000,1.000000,1.000000,0.720000,-0.278000,2.910413,0.415489
3.010000,0.000000,0.000000,0.000000,0.000000,0.000000,0.000000,0.000000,0.000000,0.000000,0.000000,0.000000,0.000000,0.000000,1,50.000000,1200.000000,0.000000,0.000000,0.000000,0.000000,0.000000,0.000000,0.000000,0.000000,0.000000,0.000000,0.000000,0.000000,0.000000,0.000000,0.000000,0.000000,0.000000,0.000000,50.300000,1199.700000,-0.100000,23.924217,0.000000,0.000000,0.000000,0.000000,-0.039957,-0.039957,-0.039957,-0.039957,-0.039957,-0.039957,-0.039957,0,0.000009,0.000009,0.000009,0.000009,0.000009,3,13,50.200761,50.200761,50.200761,1,0.000000,0.000000,0.000000,0.000000,0.000000,0.000000,0.000000,0.000000,0.000000,0.000000,0.000000,0.000000,0.000000,0.000000,0.000000,0.000000,0.000000,0.000000,0.000000,0.000000,0.000000,0.000000,0.000000,0.000000,1.000000,1.000000,1.000000,1.000000,0.720000,-0.945000,3.010419,0.421154
3.110000,0.000000,0.000000,0.000000,0.000000,0.000000,0.000000,0.000000,0.000000,0.000000,0.000000,0.000000,0.000000,0.000000,1,50.000000,1200.000000,0.000000,0.000000,0.000000,0.000000,0.000000,0.000000,0.000000,0.000000,0.000000,0.000000,0.000000,0.000000,0.000000,0.000000,0.000000,0.000000,0.000000,0.000000,50.300000,1199.100000,0.200000,24.914409,0.000000,0.000000,0.000000,0.000000,0.102138,0.102138,0.102138,0.102138,0.102138,0.102138,0.102138,0,0.000002,0.000002,0.000002,0.000002,0.000002,3,10,49.705078,49.705078,49.705078,1,0.000000,0.000000,0.000000,0.000000,0.000000,0.000000,0.000000,0.000000,0.000000,0.000000,0.000000,0.000000,0.000000,0.000000,0.000000,0.000000,0.000000,0.000000,0.000000,0.000000,0.000000,0.000000,0.000000,0.000000,1.000000,1.000000,1.000000,1.000000,0.720000,-0.778000,3.110532,0.535206
3.210000,0.000000,0.000000,0.000000,0.000000,0.000000,0.000000,0.000000,0.000000,0.000000,0.000000,0.000000,0.000000,0.000000,1,50.000000,1200.000000,0.000000,0.000000,0.000000,0.000000,0.000000,0.000000,0.000000,0.000000,0.000000,0.000000,0.000000,0.000000,0.000000,0.000000,0.000000,0.000000,0.000000,0.000000,50.300000,1199.600000,0.000000,24.417971,0.000000,0.000000,0.000000,0.000000,0.006369,0.006369,0.006369,0.006369,0.006369,0.006369,0.006369,0,0.000012,0.000012,0.000012,0.000012,0.000012,3,11,49.806686,49.806686,49.806686,1,0.000000,0.000000,0.000000,0.000000,0.000000,0.000000,0.000000,0.000000,0.000000,0.000000,0.000000,0.000000,0.000000,0.000000,0.000000,0.000000,0.000000,0.000000,0.000000,0.000000,0.000000,0.000000,0.000000,0.000000,1.000000,1.000000,1.000000,1.000000,0.720000,-0.667000,3.210543,0.545927
3.310000,0.000000,0.000000,0.000000,0.000000,0.000000,0.000000,0.000000,0.000000,0.000000,0.000000,0.000000,0.000000,0.000000,1,50.000000,1200.000000,0.000000,0.000000,0.000000,0.000000,0.000000,0.000000,0.000000,0.000000,0.000000,0.000000,0.000000,0.000000,0.000000,0.000000,0.000000,0.000000,0.000000,0.000000,50.300000,1200.400000,0.200000,25.119733,0.000000,0.000000,0.000000,0.000000,-0.000084,-0.000084,-0.000084,-0.000084,-0.000084,-0.000084,-0.000084,0,0.000003,0.000003,0.000003,0.000003,0.000003,3,9,50.286337,50.286337,50.286337,1,0.000000,0.000000,0.000000,0.000000,0.000000,0.000000,0.000000,0.000000,0.000000,0.000000,0.000000,0.000000,0.000000,0.000000,0.000000,0.000000,0.000000,0.000000,0.000000,0.000000,0.000000,0.000000,0.000000,0.000000,1.000000,1.000000,1.000000,1.000000,0.720000,-0.537000,3.310484,0.486500
3.410000,0.000000,0.000000,0.000000,0.000000,0.000000,0.000000,0.000000,0.000000,0.000000,0.000000,0.000000,0.000000,0.000000,1,50.000000,1200.000000,0.000000,0.000000,0.000000,0.000000,0.000000,0.000000,0.000000,0.000000,0.000000,0.000000,0.000000,0.000000,0.000000,0.000000,0.000000,0.000000,0.000000,0.000000,50.300000,1199.500000,0.400000,25.909144,0.000000,0.000000,0.000000,0.000000,-0.137208,-0.137208,-0.137208,-0.137208,-0.137208,-0.137208,-0.137208,0,-0.000008,-0.000008,-0.000008,-0.000008,-0.000008,3,13,49.743468,49.743468,49.743468,1,0.000000,0.000000,0.000000,0.000000,0.000000,0.000000,0.000000,0.000000,0.000000,0.000000,0.000000,0.000000,0.000000,0.000000,0.000000,0.000000,0.000000,0.000000,0.000000,0.000000,0.000000,0.000000,0.000000,0.000000,1.000000,1.000000,1.000000,1.000000,0.720000,-0.574000,3.410517,0.520294
3.510000,0.000000,0.000000,0.000000,0.000000,0.000000,0.000000,0.000000,0.000000,0.000000,0.000000,0.000000,0.000000,0.000000,1,50.000000,1200.000000,0.000000,0.000000,0.000000,0.000000,0.000000,0.000000,0.000000,0.000000,0.000000,0.000000,0.000000,0.000000,0.000000,0.000000,0.000000,0.000000,0.000000,0.000000,50.300000,1199.300000,-0.100000,24.684933,0.000000,0.000000,0.000000,0.000000,0.108617,0.108617,0.108617,0.108617,0.108617,0.108617,0.108617,0,-0.000005,-0.000005,-0.000005,-0.000005,-0.000005,0,12,49.979884,49.979884,49.979884,1,0.000000,0.000000,0.000000,0.000000,0.000000,0.000000,0.000000,0.000000,0.000000,0.000000,0.000000,0.000000,0.000000,0.000000,0.000000,0.000000,0.000000,0.000000,0.000000,0.000000,0.000000,0.000000,0.000000,0.000000,1.000000,1.000000,1.000000,1.000000,0.720000,-0.444000,3.510377,0.379666
3.610000,0.000000,0.000000,0.000000,0.000000,0.000000,0.000000,0.000000,0.000000,0.000000,0.000000,0.000000,0.000000,0.000000,1,50.000000,1200.000000,0.000000,0.000000,0.000000,0.000000,0.000000,0.000000,0.000000,0.000000,0.000000,0.000000,0.000000,0.000000,0.000000,0.000000,0.000000,0.000000,0.000000,0.000000,50.300000,1199.700000,0.000000,25.001735,0.000000,0.000000,0.000000,0.000000,0.005636,0.005636,0.005636,0.005636,0.005636,0.005636,0.005636,0,-0.000028,-0.000028,-0.000028,-0.000028,-0.000028,0,11,49.637303,49.637303,49.637303,1,0.000000,0.000000,0.000000,0.000000,0.000000,0.000000,0.000000,0.000000,0.000000,0.000000,0.000000,0.000000,0.000000,0.000000,0.000000,0.000000,0.000000,0.000000,0.000000,0.000000,0.000000,0.000000,0.000000,0.000000,1.000000,1.000000,1.000000,1.000000,0.720000,-0.833000,3.610379,0.380665
3.710000,0.000000,0.000000,0.000000,0.000000,0.000000,0.000000,0.000000,0.000000,0.000000,0.000000,0.000000,0.000000,0.000000,1,50.000000,1200.000000,0.000000,0.000000,0.000000,0.000000,0.000000,0.000000,0.000000,0.000000,0.000000,0.000000,0.000000,0.000000,0.000000,0.000000,0.000000,0.000000,0.000000,0.000000,50.300000,1200.200000,-0.100000,24.556838,0.000000,0.000000,0.000000,0.000000,-0.070082,-0.070082,-0.070082,-0.070082,-0.070082,-0.070082,-0.070082,0,0.000003,0.000003,0.000003,0.000003,0.000003,3,13,50.214382,50.214382,50.214382,1,0.000000,0.000000,0.000000,0.000000,0.000000,0.000000,0.000000,0.000000,0.000000,0.000000,0.000000,0.000000,0.000000,0.000000,0.000000,0.000000,0.000000,0.000000,0.000000,0.000000,0.000000,0.000000,0.000000,0.000000,1.000000,1.000000,1.000000,1.000000,0.720000,-0.445000,3.710586,0.588789
3.810000,0.000000,0.000000,0.000000,0.000000,0.000000,0.000000,0.000000,0.000000,0.000000,0.000000,0.000000,0.000000,0.000000,1,50.000000,1200.000000,0.000000,0.000000,0.000000,0.000000,0.000000,0.000000,0.000000,0.000000,0.000000,0.000000,0.000000,0.000000,0.000000,0.000000,0.000000,0.000000,0.000000,0.000000,50.300000,1200.000000,-0.000000,25.260807,0.000000,0.000000,0.000000,0.000000,0.044858,0.044858,0.044858,0.044858,0.044858,0.044858,0.044858,0,-0.000002,-0.000002,-0.000002,-0.000002,-0.000002,3,11,49.838642,49.838642,49.838642,1,0.000000,0.000000,0.000000,0.000000,0.000000,0.000000,0.000000,0.000000,0.000000,0.000000,0.000000,0.000000,0.000000,0.000000,0.000000,0.000000,0.000000,0.000000,0.000000,0.000000,0.000000,0.000000,0.000000,0.000000,1.000000,1.000000,1.000000,1.000000,0.720000,-0.426000,3.811198,1.201164
3.910000,0.000000,0.000000,0.000000,0.000000,0.000000,0.000000,0.000000,0.000000,0.000000,0.000000,0.000000,0.000000,0.000000,1,50.000000,1200.000000,0.000000,0.000000,0.000000,0.000000,0.000000,0.000000,0.000000,0.000000,0.000000,0.000000,0.000000,0.000000,0.000000,0.000000,0.000000,0.000000,0.000000,0.000000,50.300000,1200.000000,0.300000,25.067385,0.000000,0.000000,0.000000,0.000000,-0.118690,-0.118690,-0.118690,-0.118690,-0.118690,-0.118690,-0.118690,0,-0.000002,-0.000002,-0.000002,-0.000002,-0.000002,3,12,50.215966,50.215966,50.215966,1,0.000000,0.000000,0.000000,0.000000,0.000000,0.000000,0.000000,0.000000,0.000000,0.000000,0.000000,0.000000,0.000000,0.000000,0.000000,0.000000,0.000000,0.000000,0.000000,0.000000,0.000000,0.000000,0.000000,0.000000,1.000000,1.000000,1.000000,1.000000,0.720000,-0.352000,3.910392,0.394271
4.010000,0.000000,0.000000,0.000000,0.000000,0.000000,0.000000,0.000000,0.000000,0.000000,0.000000,0.000000,0.000000,0.000000,1,50.000000,1200.000000,0.000000,0.000000,0.000000,0.000000,0.000000,0.000000,0.000000,0.000000,0.000000,0.000000,0.000000,0.000000,0.000000,0.000000,0.000000,0.000000,0.000000,0.000000,49.500000,1199.600000,-0.200000,24.908951,0.000000,0.000000,0.000000,0.000000,-0.024961,-0.024961,-0.024961,-0.024961,-0.024961,-0.024961,-0.024961,0,-0.000037,-0.000037,-0.000037,-0.000037,-0.000037,3,11,49.784099,49.784099,49.784099,1,0.000000,0.000000,0.000000,0.000000,0.000000,0.000000,0.000000,0.000000,0.000000,0.000000,0.000000,0.000000,0.000000,0.000000,0.000000,0.000000,0.000000,0.000000,0.000000,0.000000,0.000000,0.000000,0.000000,0.000000,1.000000,1.000000,1.000000,1.000000,0.720000,-0.370000,4.010468,0.470157
4.110000,0.000000,0.000000,0.000000,0.000000,0.000000,0.000000,0.000000,0.000000,0.000000,0.000000,0.000000,0.000000,0.000000,1,50.000000,1200.000000,0.000000,0.000000,0.000000,0.000000,0.000000,0.000000,0.000000,0.000000,0.000000,0.000000,0.000000,0.000000,0.000000,0.000000,0.000000,0.000000,0.000000,0.000000,49.500000,1199.300000,-0.300000,24.447281,0.000000,0.000000,0.000000,0.000000,0.037537,0.037537,0.037537,0.037537,0.037537,0.037537,0.037537,0,-0.000034,-0.000034,-0.000034,-0.000034,-0.000034,3,10,49.607618,49.607618,49.607618,1,0.000000,0.000000,0.000000,0.000000,0.000000,0.000000,0.000000,0.000000,0.000000,0.000000,0.000000,0.000000,0.000000,0.000000,0.000000,0.000000,0.000000,0.000000,0.000000,0.000000,0.000000,0.000000,0.000000,0.000000,1.000000,1.000000,1.000000,1.000000,0.720000,-0.333000,4.110396,0.398009
4.210000,0.000000,0.000000,0.000000,0.000000,0.000000,0.000000,0.000000,0.000000,0.000000,0.000000,0.000000,0.000000,0.000000,1,50.000000,1200.000000,0.000000,0.000000,0.000000,0.000000,0.000000,0.000000,0.000000,0.000000,0.000000,0.000000,0.000000,0.000000,0.000000,0.000000,0.000000,0.000000,0.000000,0.000000,49.500000,1199.500000,0.100000,24.519646,0.000000,0.000000,0.000000,0.000000,0.102082,0.102082,0.102082,0.102082,0.102082,0.102082,0.102082,0,-0.000043,-0.000043,-0.000043,-0.000043,-0.000043,3,9,49.910251,49.910251,49.910251,1,0.000000,0.000000,0.000000,0.000000,0.000000,0.000000,0.000000,0.000000,0.000000,0.000000,0.000000,0.000000,0.000000,0.000000,0.000000,0.000000,0.000000,0.000000,0.000000,0.000000,0.000000,0.000000,0.000000,0.000000,1.000000,1.000000,1.000000,1.000000,0.720000,-0.408000,4.210460,0.462784
4.310000,0.000000,0.000000,0.000000,0.000000,0.000000,0.000000,0.000000,0.000000,0.000000,0.000000,0.000000,0.000000,0.000000,1,50.000000,1200.000000,0.000000,0.000000,0.000000,0.000000,0.000000,0.000000,0.000000,0.000000,0.000000,0.000000,0.000000,0.000000,0.000000,0.000000,0.000000,0.000000,0.000000,0.000000,49.500000,1199.500000,-0.000000,24.861250,0.000000,0.000000,0.000000,0.000000,-0.035365,-0.035365,-0.035365,-0.035365,-0.035365,-0.035365,-0.035365,0,-0.000013,-0.000013,-0.000013,-0.000013,-0.000013,3,11,50.031564,50.031564,50.031564,1,0.000000,0.000000,0.000000,0.000000,0.000000,0.000000,0.000000,0.000000,0.000000,0.000000,0.000000,0.000000,0.000000,0.000000,0.000000,0.000000,0.000000,0.000000,0.000000,0.000000,0.000000,0.000000,0.000000,0.000000,1.000000,1.000000,1.000000,1.000000,0.720000,-0.963000,4.310646,0.649649
4.400000,0.000000,0.000000,0.000000,0.000000,0.000000,0.000000,0.000000,0.000000,0.000000,0.000000,0.000000,0.000000,0.000000,1,50.000000,1200.000000,0.000000,0.000000,0.000000,0.000000,0.000000,0.000000,0.000000,0.000000,0.000000,0.000000,0.000000,0.000000,0.000000,0.000000,0.000000,0.000000,0.000000,0.000000,49.500000,1199.900000,0.000000,24.861250,0.000000,0.000000,0.000000,0.000000,-0.132621,-0.132621,-0.132621,-0.132621,-0.132621,-0.132621,-0.132621,0,-0.000013,-0.000013,-0.000013,-0.000013,-0.000013,3,16,49.965843,49.965843,49.965843,1,0.000000,0.000000,0.000000,0.000000,0.000000,0.000000,0.000000,0.000000,0.000000,0.000000,0.000000,0.000000,0.000000,0.000000,0.000000,0.000000,0.000000,0.000000,0.000000,0.000000,0.000000,0.000000,0.000000,0.000000,1.000000,1.000000,1.000000,1.000000,0.720000,-0.333000,4.401515,1.517995
4.500000,0.000000,0.000000,0.000000,0.000000,0.000000,0.000000,0.000000,0.000000,0.000000,0.000000,0.000000,0.000000,0.000000,1,50.000000,1200.000000,0.000000,0.000000,0.000000,0.000000,0.000000,0.000000,0.000000,0.000000,0.000000,0.000000,0.000000,0.000000,0.000000,0.000000,0.000000,0.000000,0.000000,0.000000,49.500000,1199.600000,0.000000,24.430726,0.000000,0.000000,0.000000,0.000000,-0.024559,-0.024559,-0.024559,-0.024559,-0.024559,-0.024559,-0.024559,0,-0.000017,-0.000017,-0.000017,-0.000017,-0.000017,3,12,49.764353,49.764353,49.764353,1,0.000000,0.000000,0.000000,0.000000,0.000000,0.000000,0.000000,0.000000,0.000000,0.000000,0.000000,0.000000,0.000000,0.000000,0.000000,0.000000,0.000000,0.000000,0.000000,0.000000,0.000000,0.000000,0.000000,0.000000,1.000000,1.000000,1.000000,1.000000,0.720000,-0.334000,4.501481,1.483439
4.600000,0.000000,0.000000,0.000000,0.000000,0.000000,0.000000,0.000000,0.000000,0.000000,0.000000,0.000000,0.000000,0.000000,1,50.000000,1200.000000,0.000000,0.000000,0.000000,0.000000,0.000000,0.000000,0.000000,0.000000,0.000000,0.000000,0.000000,0.000000,0.000000,0.000000,0.000000,0.000000,0.000000,0.000000,49.500000,1199.500000,0.300000,25.193054,0.000000,0.000000,0.000000,0.000000,-0.132795,-0.132795,-0.132795,-0.132795,-0.132795,-0.132795,-0.132795,0,0.000014,0.000014,0.000014,0.000014,0.000014,3,10,50.449655,50.449655,50.449655,1,0.000000,0.000000,0.000000,0.000000,0.000000,0.000000,0.000000,0.000000,0.000000,0.000000,0.000000,0.000000,0.000000,0.000000,0.000000,0.000000,0.000000,0.000000,0.000000,0.000000,0.000000,0.000000,0.000000,0.000000,1.000000,1.000000,1.000000,1.000000,0.720000,-0.852000,4.600886,0.886819
4.700000,0.000000,0.000000,0.000000,0.000000,0.000000,0.000000,0.000000,0.000000,0.000000,0.000000,0.000000,0.000000,0.000000,1,50.000000,1200.000000,0.000000,0.000000,0.000000,0.000000,0.000000,0.000000,0.000000,0.000000,0.000000,0.000000,0.000000,0.000000,0.000000,0.000000,0.000000,0.000000,0.000000,0.000000,49.500000,1200.400000,0.100000,24.877897,0.000000,0.000000,0.000000,0.000000,0.042246,0.042246,0.042246,0.042246,0.042246,0.042246,0.042246,0,-0.000002,-0.000002,-0.000002,-0.000002,-0.000002,3,8,50.089724,50.089724,50.089724,1,0.000000,0.000000,0.000000,0.000000,0.000000,0.000000,0.000000,0.000000,0.000000,0.000000,0.000000,0.000000,0.000000,0.000000,0.000000,0.000000,0.000000,0.000000,0.000000